Print_Date,Emancipation_Date_Start,Site,Emancipation_Date_End,Breed,Species_,SpayNeutered,Stage_,Photo,Location_,Sort_By,Intake_Date_From,Review_Date_From,Intake_Date_To,Review_Date_To,Pre_Altered,Show_Photo,Video
"Wednesday, June 18, 2025",All,All,All,All,All,All,All,All,All,SubLocation - Alphabetical,All,All,All,All,Y,No,All

Location_1,AVG_LOS,Distinct_Animals,AnimalNumber,AnimalName,AnimalType,PrimaryBreed,Age,Color,Declawed,PreAltered,IntakeType,Sex,Stage,Location,ARN,ChipNumber,Species,SecondaryBreed,DateOfBirth,ColorPattern,EmancipationDate,SpayedNeutered,IntakeDateTime,LOSInDays,StageChangeReason,SubLocation,AnimalWeight,Danger,DangerType,NumberOfPictures,Videos,HoldReason,HorForName,HoldStartDate,HoldPlacedBy,Total_Animals
  Cat Adoption Condo Rooms,Avg. LOS: 39,17,A0058273702,TINK,Cat,Domestic Shorthair,9y 2m 9d,Brown/,N,Y,Owner/Guardian Surrender/Evaluation/Poss Adopt - OTC!,F,Available,Cat Adoption Condo Rooms,,982000405753704,Cat,,4/9/2016 12:00:00 AM,Tabby/,,Y,4/15/2025 12:35 PM,63.80,,Condo A,1.70 pound,No,,3,No,,,,,341
  Cat Adoption Condo Rooms,Avg. LOS: 39,17,A0058448688,Trivento,Cat,Domestic Longhair,2y 1m 11d,Black/,N,N,Seized/Signed Over,M,Hold - Behavior Mod.,Cat Adoption Condo Rooms,38,941010003767601,Cat,,5/7/2023 12:00:00 AM,,,Y,5/6/2025 7:00 PM,42.50,Evaluate for adoption LMW/81,Condo B,8.30 pound,No,,0,No,,,,,341
  Cat Adoption Condo Rooms,Avg. LOS: 39,17,A0058459351,BAREFOOT,Cat,Domestic Longhair,3y 1m 10d,Black/Orange,N,N,Seized/Signed Over,F,Available,Cat Adoption Condo Rooms,46,941010003655899,Cat,,5/8/2022 12:00:00 AM,Tortoiseshell/,,Y,5/8/2025 12:59 PM,40.80,,Condo B,1.70 pound,No,,3,No,,,,,341
  Cat Adoption Condo Rooms,Avg. LOS: 39,17,A0058459452,CHATEAU ST. MICHELLE,Cat,Domestic Longhair,3y 1m 10d,Blue/,N,N,Seized/Signed Over,F,Hold - Behavior Mod.,Cat Adoption Condo Rooms,47,941010003748337,Cat,,5/8/2022 12:00:00 AM,,,Y,5/8/2025 12:59 PM,40.80,Evaluate for adoption LMW/81,Condo B,5.50 pound,No,,0,No,,,,,341
  Cat Adoption Condo Rooms,Avg. LOS: 39,17,A0058470388,DASHWOOD,Cat,Domestic Longhair,1y 1m 9d,Black/,N,N,Seized/Signed Over,F,Hold - Behavior Mod.,Cat Adoption Condo Rooms,,941010002697164,Cat,,5/9/2024 12:00:00 AM,,,Y,5/9/2025 3:32 PM,39.70,Evaluate for adoption LMW/81,Condo B,5.25 pound,No,,0,No,,,,,341
  Cat Adoption Condo Rooms,Avg. LOS: 39,17,A0058520465,MALBEC,Cat,Domestic Longhair,1y 1m 5d,Black/,N,N,Seized/Signed Over,M,Hold - Behavior Mod.,Cat Adoption Condo Rooms,,941010003687146,Cat,,5/13/2024 12:00:00 AM,,,Y,5/17/2025 10:10 AM,31.90,Evaluate for adoption LMW/81,Condo B,7.00 pound,No,,0,No,,,,,341
  Cat Adoption Condo Rooms,Avg. LOS: 39,17,A0058581971,TABITHA,Cat,Domestic Shorthair,10y 7m 28d,White/Brown,N,Y,Owner/Guardian Surrender/Evaluation/Poss Adopt - OTC!,F,Available - ITFF Medical,Cat Adoption Condo Rooms,,941010002713877,Cat,,10/21/2014 12:00:00 AM,Calico/,,Y,6/5/2025 9:40 AM,13.00,,Condo C,10.50 pound,No,,1,No,,,,,341
  Cat Adoption Condo Rooms,Avg. LOS: 39,17,A0058581979,NORA,Cat,Domestic Shorthair,10y 7m 28d,Black/,N,Y,Owner/Guardian Surrender/Evaluation/Poss Adopt - OTC!,F,Available - ITFF Medical,Cat Adoption Condo Rooms,,941010003772534,Cat,,10/21/2014 12:00:00 AM,,,Y,6/5/2025 9:40 AM,13.00,,Condo C,10.00 pound,No,,1,No,,,,,341
  Cat Adoption Condo Rooms,Avg. LOS: 39,17,A0058444296,Oyster Bay,Cat,Domestic Longhair,1y 1m 12d,Black/White,N,N,Seized/Signed Over,M,Available,Cat Adoption Condo Rooms,23,941010002905622,Cat,,5/6/2024 12:00:00 AM,,,Y,5/6/2025 1:22 PM,42.80,,Condo D,1.70 pound,No,,2,No,,,,,341
  Cat Adoption Condo Rooms,Avg. LOS: 39,17,A0058470414,GIESEN,Cat,Domestic Longhair,3y 1m 9d,Black/White,N,N,Seized/Signed Over,M,Available,Cat Adoption Condo Rooms,,941010003623607,Cat,,5/9/2022 12:00:00 AM,,,Y,5/9/2025 3:32 PM,39.70,,Condo D,1.70 pound,No,,3,No,,,,,341
  Cat Adoption Condo Rooms,Avg. LOS: 39,17,A0058486296,LAMARCA,Cat,Domestic Longhair,1y 1m 5d,Black/,N,N,Seized/Signed Over,F,Available,Cat Adoption Condo Rooms,57,941010003744152,Cat,,5/13/2024 12:00:00 AM,,,Y,5/12/2025 5:00 PM,36.60,,Condo D,1.70 pound,No,,3,No,,,,,341
  Cat Adoption Condo Rooms,Avg. LOS: 39,17,A0058610539,XENA,Cat,Domestic Shorthair,7y 13d,Black/White,N,U,Seized/Hospital,F,Available,Cat Adoption Condo Rooms,,982091062339332,Cat,,6/5/2018 12:00:00 AM,,,Y,5/30/2025 5:36 PM,18.60,,Condo E,6.90 pound,No,,0,No,,,,,341
  Cat Adoption Condo Rooms,Avg. LOS: 39,17,A0058610562,SAFFRON,Cat,Domestic Shorthair,7y 19d,Orange/White,N,N,Seized/Hospital,F,Available,Cat Adoption Condo Rooms,,941010003066060,Cat,,5/31/2018 12:00:00 AM,Tabby/,,Y,5/30/2025 5:36 PM,18.60,,Condo E,5.80 pound,No,,3,No,,,,,341
  Cat Adoption Condo Rooms,Avg. LOS: 39,17,A0058289985,LAUREL,Cat,Domestic Shorthair,2y 2m 7d,White/Grey,N,N,Stray/Abandoned by owner - OTC!,F,Available,Cat Adoption Condo Rooms,,941010002850830,Cat,,4/11/2023 12:00:00 AM,Tabby/,,Y,4/11/2025 1:25 PM,67.80,,Condo F,7.75 pound,No,,3,No,,,,,341
  Cat Adoption Condo Rooms,Avg. LOS: 39,17,A0058446727,FAY,Cat,Domestic Longhair,4y 1m 12d,Black/Orange,N,N,Seized/Signed Over,F,Available,Cat Adoption Condo Rooms,Case #32,941010003742522,Cat,,5/6/2021 12:00:00 AM,Tortoiseshell/,,Y,5/6/2025 3:51 PM,42.70,,Condo F,8.00 pound,No,,2,No,,,,,341
  Cat Adoption Condo Rooms,Avg. LOS: 39,17,A0058454445,Quinta Nova,Cat,Domestic Longhair,2y 1m 11d,Grey/Tan,N,N,Seized/Signed Over,F,Available,Cat Adoption Condo Rooms,42,941010002691943,Cat,,5/7/2023 12:00:00 AM,Tortoiseshell/,,Y,5/7/2025 3:31 PM,41.70,,Condo F,1.70 pound,No,,2,No,,,,,341
  Cat Adoption Condo Rooms,Avg. LOS: 39,17,A0058248928,MAMA MIA,Cat,Domestic Shorthair,8y 8m 14d,Black/White,N,Y,Owner/Guardian Surrender/Evaluation/Poss Adopt - OTC!,F,Available,Cat Adoption Condo Rooms,mama,941010002871585,Cat,,10/4/2016 12:00:00 AM,Tuxedo/,,Y,4/14/2025 11:53 AM,64.90,,Meet & Greet 109B,8.00 pound,No,,3,No,,,,,341
  Cat Adoption Room G,Avg. LOS: 21,8,A0058443901,ELENA,Cat,Domestic Shorthair,3y 1m 12d,White/Orange,N,N,Seized/Signed Over,F,Available,Cat Adoption Room G,1,941010003051559,Cat,,5/6/2022 12:00:00 AM,Calico/,,Y,5/6/2025 1:22 PM,42.80,Was not adopted,01,8.20 pound,No,,3,No,,,,,341
  Cat Adoption Room G,Avg. LOS: 21,8,A0058549497,SILKY,Cat,Domestic Shorthair,2y 28d,Brown/Orange,N,N,Owner/Guardian Surrender/Evaluation/Poss Adopt - FIELD!,F,Available,Cat Adoption Room G,,941010002719292,Cat,,5/21/2023 12:00:00 AM,Torbie/,,Y,5/23/2025 7:53 AM,26.00,,02,7.75 pound,No,,2,No,,,,,341
  Cat Adoption Room G,Avg. LOS: 21,8,A0057806699,Marble,Cat,Domestic Shorthair,2y 3m 5d,Black/White,N,Y,Owner/Guardian Surrender/Guardian Surrender - FIELD!,F,Available,Cat Adoption Room G,Res,941010002901893,Cat,,3/13/2023 12:00:00 AM,,,Y,4/28/2025 8:13 AM,51.00,,03,6.50 pound,No,,3,No,,,,,341
  Cat Adoption Room G,Avg. LOS: 21,8,A0058703414,PICNIC,Cat,Domestic Shorthair,3y 2d,Black/White,N,N,Stray/OTC,F,Hold - Behavior,Cat Adoption Room G,,941010003746460,Cat,,6/16/2022 12:00:00 AM,,,Y,6/13/2025 11:40 AM,4.90,,04,7.50 pound,No,,0,No,,,,,341
  Cat Adoption Room G,Avg. LOS: 21,8,A0058627577,Minou,Cat,Domestic Shorthair,8y 15d,Black/,N,N,Owner/Guardian Surrender/Evaluation/Poss Adopt - OTC!,F,Available,Cat Adoption Room G,,941010003736271,Cat,,6/3/2017 12:00:00 AM,,,Y,6/3/2025 10:19 AM,14.90,,05,12.30 pound,No,,3,No,,,,,341
  Cat Adoption Room G,Avg. LOS: 21,8,A0058639310,Gumball,Cat,Domestic Shorthair,1y 14d,Black/,N,N,Stray/Field,M,Hold - Behavior,Cat Adoption Room G,,941010003735875,Cat,,6/4/2024 12:00:00 AM,,,Y,6/4/2025 2:14 PM,13.80,MED CLEAR - ON MEDS,06,10.00 pound,No,,0,No,,,,,341
  Cat Adoption Room G,Avg. LOS: 21,8,A0058694543,RAMBLING MAN,Cat,Domestic Shorthair,3y 6d,Black/White,N,N,Stray/OTC,M,Hold - Behavior,Cat Adoption Room G,,941010004169572,Cat,,6/12/2022 12:00:00 AM,,,Y,6/12/2025 10:42 AM,5.90,medically cleared,07,,No,,0,No,,,,,341
  Cat Adoption Room G,Avg. LOS: 21,8,A0058673429,ZUZU,Cat,Domestic Shorthair,1y 9d,Brown/,N,N,Stray/Field,F,Hold - Behavior,Cat Adoption Room G,Zuzu,941010004218698,Cat,,6/9/2024 12:00:00 AM,Tabby/,,Y,6/9/2025 3:53 PM,8.70,MED CLEAR,08,7.20 pound,No,,0,No,,,,,341
  Cat Adoption Room H,Avg. LOS: 43,6,A0057782868,GUSTAVO,Cat,Domestic Longhair,6y 3m 8d,Brown/,N,Y,Stray/OTC,M,Available,Cat Adoption Room H,"GUSTAVO AKA ""GUS""",982126059830947,Cat,,3/10/2019 12:00:00 AM,Tabby/,,Y,2/20/2025 2:05 PM,117.80,,01,12.25 pound,No,,3,No,,,,,341
  Cat Adoption Room H,Avg. LOS: 43,6,A0058579376,ARMANI,Cat,Domestic Shorthair,5y 22d,Grey/White,N,Y,Seized/Signed Over,M,Hold - Doc,Cat Adoption Room H,,981020002755012,Cat,,5/27/2020 12:00:00 AM,,,Y,5/27/2025 11:49 AM,21.90,RECHECK DENTAL/EYE,02,8.00 pound,No,,0,No,,,,,341
  Cat Adoption Room H,Avg. LOS: 43,6,A0058415888,PINTO,Cat,Domestic Shorthair,2y 1m 17d,Black/,N,N,Transfer In/Buffalo City Animal Shelter,F,Hold - Behavior Mod.,Cat Adoption Room H,,941010003668211,Cat,,5/1/2023 12:00:00 AM,,,Y,5/1/2025 2:04 PM,47.80,,04,8.80 pound,No,,0,No,,,,,341
  Cat Adoption Room H,Avg. LOS: 43,6,A0058662816,STEWART,Cat,Domestic Shorthair,8y 9d,Orange/White,N,U,Stray/Field,M,Available - ITFF Medical,Cat Adoption Room H,,941010004190309,Cat,,6/9/2017 12:00:00 AM,Tabby/,,Y,6/7/2025 3:56 PM,10.70,,06,18.40 pound,No,,3,No,,,,,341
  Cat Adoption Room H,Avg. LOS: 43,6,A0058561257,HICKORY,Cat,Domestic Shorthair,1y 6m 26d,Black/,N,N,Stray/OTC,M,Available,Cat Adoption Room H,,941010003070792,Cat,,11/23/2023 12:00:00 AM,,,Y,5/23/2025 11:25 AM,25.90,,07,8.50 pound,No,,0,No,,,,,341
  Cat Adoption Room H,Avg. LOS: 43,6,A0058365249,LADY,Cat,Domestic Shorthair,7y 1m 25d,Black/White,N,Y,Owner/Guardian Surrender/Evaluation/Poss Adopt - FIELD!,F,Available,Cat Adoption Room H,,941010003734648,Cat,,4/24/2018 12:00:00 AM,Tuxedo/,,Y,5/17/2025 7:52 AM,32.00,,08,17.50 pound,No,,3,No,,,,,341
  Cat Behavior Room I,Avg. LOS: 47,5,A0058705552,Stevie Nicks,Cat,Domestic Shorthair,3m 2d,White/Brown,N,N,Stray/No Hold,F,Hold - Rescue,Cat Behavior Room I,,941010004170127,Cat,,3/16/2025 12:00:00 AM,Tabby/,,Y,6/13/2025 2:12 PM,4.80,HOLD FOR FCF,01,2.60 pound,No,,0,No,,,,,341
  Cat Behavior Room I,Avg. LOS: 47,5,A0058626908,JENNIE,Cat,Domestic Shorthair,3y 15d,Black/,N,N,Owner/Guardian Surrender/Field,F,Hold - Legal Notice,Cat Behavior Room I,BLACK JENNIE,,Cat,,6/3/2022 12:00:00 AM,,,Y,6/4/2025 10:08 AM,13.90,med clear for adoption,02,6.00 pound,No,,1,No,,,,,341
  Cat Behavior Room I,Avg. LOS: 47,5,A0058089142,NINA,Cat,Domestic Shorthair,5y 1m 12d,Brown/White,N,U,Seized/Owner died,F,Available - Behind the Scenes,Cat Behavior Room I,,982126058407497,Cat,,5/6/2020 12:00:00 AM,Tabby/,,Y,3/27/2025 10:53 AM,82.90,,03,8.75 pound,No,,2,No,,,,,341
  Cat Behavior Room I,Avg. LOS: 47,5,A0057975287,HEIDI,Cat,Domestic Shorthair,10y 3m 4d,Grey/Orange,N,Y,Owner/Guardian Surrender/Guardian Surrender - OTC!,F,Available,Cat Behavior Room I,,982000363563124,Cat,,3/14/2015 12:00:00 AM,Torbie/,,Y,3/14/2025 11:28 AM,95.90,,04,12.00 pound,No,,2,No,,,,,341
  Cat Behavior Room I,Avg. LOS: 47,5,A0056691955,Dash,Cat,Domestic Shorthair,11m 15d,Black/,N,Y,Return/Owned More than 30 Days - OTC!,M,Hold - Behavior Mod.,Cat Behavior Room I,,941010002032816,Cat,,7/3/2024 12:00:00 AM,,,Y,5/12/2025 10:03 AM,36.90,,07,8.60 pound,No,,0,No,,,,,341
  Cat Isolation 234,Avg. LOS: 20,1,A0058486125,Snowball,Cat,Domestic Longhair,1y 1m 3d,White/,N,Y,Owner/Guardian Surrender/Field,F,Hold - Behavior Mod.,Cat Isolation 234,,941010003739766,Cat,,5/15/2024 12:00:00 AM,,,Y,5/29/2025 10:44 AM,19.90,,Cage 5,8.50 pound,No,,0,No,,,,,341
  Cat Isolation 235,Avg. LOS: 4,1,A0058709950,,Cat,Domestic Shorthair,1y 2d,Black/,N,N,Stray/Field,F,Hold - Stray,Cat Isolation 235,,,Cat,,6/16/2024 12:00:00 AM,,,N,6/14/2025 11:54 AM,3.90,,Cage 2,7.10 pound,No,,0,No,,,,,341
  Cat Recovery,Avg. LOS: 32,5,A0058516368,Marshmellow,Cat,Domestic Shorthair,2m 0d,Black/,N,N,Stray/No Hold,M,Hold - Surgery,Cat Recovery,,941010002684333,Cat,Mix,4/18/2025 12:00:00 AM,,,N,5/16/2025 2:03 PM,32.80,,17,2.00 pound,No,,0,No,,,,,341
  Cat Recovery,Avg. LOS: 32,5,A0058516375,Stormy,Cat,Domestic Shorthair,2m 0d,Grey/,N,N,Stray/No Hold,M,Hold - Surgery,Cat Recovery,,941010003676821,Cat,Mix,4/18/2025 12:00:00 AM,,,N,5/16/2025 2:03 PM,32.80,,17,2.00 pound,No,,0,No,,,,,341
  Cat Recovery,Avg. LOS: 32,5,A0058516378,Blackout,Cat,Domestic Shorthair,2m 0d,Black/,N,N,Stray/No Hold,M,Hold - Surgery,Cat Recovery,,941010003654704,Cat,Mix,4/18/2025 12:00:00 AM,,,N,5/16/2025 2:03 PM,32.80,,17,2.25 pound,No,,0,No,,,,,341
  Cat Recovery,Avg. LOS: 32,5,A0058542270,Midnight,Cat,Domestic Shorthair,2m 10d,Black/,N,N,Stray/OTC,F,Hold - Surgery,Cat Recovery,KIKI,941010003644875,Cat,Mix,4/8/2025 12:00:00 AM,,,N,5/20/2025 4:38 PM,28.70,,17,2.50 pound,No,,0,No,,,,,341
  Cat Recovery,Avg. LOS: 32,5,A0058510291,PENNY,Cat,Domestic Shorthair,2m 0d,Grey/White,N,N,Stray/OTC,F,Hold - Surgery,Cat Recovery,,941010003727316,Cat,,4/18/2025 12:00:00 AM,,,N,5/16/2025 8:00 AM,33.00,ADOPTED,18,2.75 pound,No,,0,No,,,,,341
  Cat Treatment,Avg. LOS: 9,14,A0058657306,Pasta,Cat,Domestic Shorthair,1m 28d,Black/Orange,N,N,Stray/No Hold,F,Hold - Doc,Cat Treatment,,,Cat,,4/21/2025 12:00:00 AM,Calico/,,N,6/6/2025 2:28 PM,11.80,,01 - A,2.10 pound,No,,0,No,,,,,341
  Cat Treatment,Avg. LOS: 9,14,A0058704256,BALLOON,Cat,Domestic Shorthair,6y 5d,Black/,N,N,Stray/OTC,M,Hold - Surgery,Cat Treatment,Balloon,,Cat,,6/13/2019 12:00:00 AM,,,N,6/13/2025 12:39 PM,4.80,,02,11.70 pound,No,,0,No,,,,,341
  Cat Treatment,Avg. LOS: 9,14,A0058697780,,Cat,Domestic Shorthair,1m 14d,Black/,N,N,Stray/No Hold,F,Hold - Doc,Cat Treatment,,941010003041851,Cat,Mix,5/4/2025 12:00:00 AM,,,N,6/13/2025 9:00 AM,5.00,recheck eyes 6/18,03 - A,1.40 pound,No,,0,No,,,,,341
  Cat Treatment,Avg. LOS: 9,14,A0058697784,,Cat,Domestic Shorthair,1m 9d,Brown/,N,N,Stray/No Hold,M,Hold - Doc,Cat Treatment,,941010002711642,Cat,Mix,5/9/2025 12:00:00 AM,Tabby/,,N,6/13/2025 9:00 AM,5.00,recheck eyes 6/18,03 - A,1.40 pound,No,,0,No,,,,,341
  Cat Treatment,Avg. LOS: 9,14,A0058096306,Gyarados,Cat,Domestic Shorthair,3m 4d,Brown/,N,N,Seized/Signed Over,M,Hold - Doc,Cat Treatment,,941010002866141,Cat,,3/14/2025 12:00:00 AM,Tabby/,,Y,3/28/2025 10:31 AM,81.90,Recheck in 1 month for neuter,03 - B,3.25 pound,No,,0,No,,,,,341
  Cat Treatment,Avg. LOS: 9,14,A0058718824,,Cat,Domestic Shorthair,1y 6m 1d,Brown/White,N,N,Stray/Field,F,Hold - Stray,Cat Treatment,,,Cat,Mix,12/17/2023 12:00:00 AM,Tabby/,,N,6/16/2025 1:57 PM,1.80,,04,5.75 pound,No,,1,No,,,,,341
  Cat Treatment,Avg. LOS: 9,14,A0058702607,,Cat,Domestic Shorthair,1y 5d,Blue/,N,N,Stray/OTC,F,Hold - Bite/Scratch,Cat Treatment,ZOODLES,,Cat,,6/13/2024 12:00:00 AM,,,N,6/17/2025 10:56 AM,0.90,10 DAY CHECK,06,10.00 pound,No,,1,No,,,,,341
  Cat Treatment,Avg. LOS: 9,14,A0058697783,,Cat,Domestic Shorthair,1m 9d,Brown/,N,N,Stray/No Hold,M,Hold - Doc,Cat Treatment,,941010002998272,Cat,,5/9/2025 12:00:00 AM,Tabby/,,N,6/13/2025 9:00 AM,5.00,pneumonia,B,1.40 pound,No,,0,No,,,,,341
  Cat Treatment,Avg. LOS: 9,14,A0058716470,,Cat,Domestic Shorthair,30d,Black/White,N,N,Stray/No Hold,M,Hold - Doc,Cat Treatment,,,Cat,,5/19/2025 12:00:00 AM,,,N,6/16/2025 10:47 AM,1.90,waiting for friend,C,12.50 ounce,No,,1,No,,,,,341
  Cat Treatment,Avg. LOS: 9,14,A0058716471,,Cat,Domestic Shorthair,30d,Brown/White,N,N,Stray/No Hold,M,Hold - Doc,Cat Treatment,,,Cat,,5/19/2025 12:00:00 AM,Tabby/,,N,6/16/2025 10:47 AM,1.90,,C,9.00 ounce,No,,1,No,,,,,341
  Cat Treatment,Avg. LOS: 9,14,A0058719464,,Cat,Domestic Shorthair,30d,Grey/,N,N,Stray/Field,F,Hold - Foster,Cat Treatment,,,Cat,Mix,5/19/2025 12:00:00 AM,,,N,6/16/2025 1:57 PM,1.80,,F,10.00 ounce,No,,1,No,,,,,341
  Cat Treatment,Avg. LOS: 9,14,A0058719477,,Cat,Domestic Shorthair,30d,Black/,N,N,Stray/Field,F,Hold - Foster,Cat Treatment,,,Cat,,5/19/2025 12:00:00 AM,,,N,6/16/2025 1:57 PM,1.80,,F,9.50 ounce,No,,1,No,,,,,341
  Cat Treatment,Avg. LOS: 9,14,A0058719482,,Cat,Domestic Shorthair,30d,Grey/,N,N,Stray/Field,F,Hold - Foster,Cat Treatment,,,Cat,Mix,5/19/2025 12:00:00 AM,,,N,6/16/2025 1:57 PM,1.80,,F,9.50 ounce,No,,1,No,,,,,341
  Cat Treatment,Avg. LOS: 9,14,A0058719488,,Cat,Domestic Shorthair,30d,Grey/,N,N,Stray/Field,M,Hold - Foster,Cat Treatment,,,Cat,Mix,5/19/2025 12:00:00 AM,Tabby/,,N,6/16/2025 1:57 PM,1.80,,F,11.00 ounce,No,,1,No,,,,,341
  Dog Adoptions A,Avg. LOS: 14,5,A0058545411,Iris,Dog,"Mixed Breed, Medium (up to 44 lbs fully grown)",9m 21d,White/Black,N,N,Transfer In/Rescue Group out of Coalition,F,Available - Behind the Scenes,Dog Adoptions A,,941010003067765,Dog,Mix,8/28/2024 12:00:00 AM,Tricolor/,,Y,5/27/2025 10:47 AM,21.90,,01,16.50 pound,No,,3,No,,,,,341
  Dog Adoptions A,Avg. LOS: 14,5,A0058640671,CARAMEL,Dog,"Mixed Breed, Medium (up to 44 lbs fully grown)",5y 1m 3d,Black/White,N,N,Transfer In/Buffalo City Animal Shelter,F,Hold - Behavior Mod.,Dog Adoptions A,,941010003019854,Dog,Mix,5/15/2020 12:00:00 AM,,,Y,6/4/2025 2:31 PM,13.80,,05,46.50 pound,No,,0,No,,,,,341
  Dog Adoptions A,Avg. LOS: 14,5,A0058604196,Charles,Dog,"Mixed Breed, Large (over 44 lbs fully grown)",5y 19d,Black/Tan,N,N,Owner/Guardian Surrender/OTC,M,Hold - Behavior Mod.,Dog Adoptions A,,941010003634671,Dog,Mix,5/30/2020 12:00:00 AM,,,Y,5/30/2025 9:03 AM,19.00,,06,105.00 pound,No,,0,No,,,,,341
  Dog Adoptions A,Avg. LOS: 14,5,A0058720471,Pablo,Dog,"Terrier, Pit Bull",2y 2d,Black/White,N,N,Seized/Cruelty,M,Hold - Complaint,Dog Adoptions A,,981020043204608,Dog,Mix,6/16/2023 12:00:00 AM,,,N,6/16/2025 3:04 PM,1.70,,08,51.00 pound,No,,0,No,,,,,341
  Dog Adoptions A,Avg. LOS: 14,5,A0058622481,Goldie,Dog,Bulldog,7y 6m 7d,Fawn/,N,N,Transfer In/Buffalo City Animal Shelter,M,Hold - Doc,Dog Adoptions A,,982126051922710,Dog,Mix,12/11/2017 12:00:00 AM,,,Y,6/2/2025 1:49 PM,15.80,BIOPSY PENDING,09,63.00 pound,No,,0,No,,,,,341
  Dog Adoptions B,Avg. LOS: 11,6,A0058640973,RUDY,Dog,"Mixed Breed, Medium (up to 44 lbs fully grown)",1y 1m 19d,Black/White,N,N,Transfer In/Buffalo City Animal Shelter,M,Unavailable,Dog Adoptions B,,941010003005659,Dog,Mix,4/30/2024 12:00:00 AM,,,Y,6/4/2025 2:31 PM,13.80,,02,46.60 pound,No,,3,No,,,,,341
  Dog Adoptions B,Avg. LOS: 11,6,A0058654163,OTTA,Dog,Whippet,7m 0d,Tan/White,N,Y,Transfer In/Shelter out Coalit. (Not SPCA),F,Hold - Meet and Greet,Dog Adoptions B,,900235000419689,Dog,Mix,11/18/2024 12:00:00 AM,,,Y,6/6/2025 10:34 AM,11.90,,02,22.40 pound,No,,3,No,,,,,341
  Dog Adoptions B,Avg. LOS: 11,6,A0057710656,RAYNE,Dog,"Mixed Breed, Large (over 44 lbs fully grown)",4y 4m 25d,Black/,N,Y,Owner/Guardian Surrender/Guardian Surrender - OTC!,F,Hold - Meet and Greet,Dog Adoptions B,Ray,941010002903714,Dog,Mix,1/24/2021 12:00:00 AM,,,Y,6/13/2025 2:51 PM,4.80,,05,63.00 pound,No,,2,No,,,,,341
  Dog Adoptions B,Avg. LOS: 11,6,A0053813799,KOBE,Dog,"Mixed Breed, Large (over 44 lbs fully grown)",2y 12d,Black/White,N,Y,Return/Owned More than 30 Days - OTC!,M,Available,Dog Adoptions B,,941000028308834,Dog,Mix,6/6/2023 12:00:00 AM,,,Y,6/5/2025 9:52 AM,13.00,,06,46.00 pound,No,,3,Yes,,,,,341
  Dog Adoptions B,Avg. LOS: 11,6,A0058622436,Onyx,Dog,Shepherd,6y 16d,Black/,N,N,Transfer In/Buffalo City Animal Shelter,M,Available,Dog Adoptions B,charcoal,941010003036530,Dog,Mix,6/2/2019 12:00:00 AM,,,Y,6/2/2025 1:49 PM,15.80,,07,66.00 pound,No,,3,No,,,,,341
  Dog Adoptions B,Avg. LOS: 11,6,A0058703599,Mistletoe,Dog,"Mixed Breed, Medium (up to 44 lbs fully grown)",3y 5d,White/Brown,N,Y,Owner/Guardian Surrender/OTC,F,Available,Dog Adoptions B,,941000028630799,Dog,Mix,6/13/2022 12:00:00 AM,,,Y,6/13/2025 11:39 AM,4.90,,09,40.00 pound,No,,3,No,,,,,341
  Dog Adoptions C,Avg. LOS: 9,4,A0058661818,Legend,Dog,"Mixed Breed, Large (over 44 lbs fully grown)",11m 11d,Brown/White,N,N,Owner/Guardian Surrender/Evaluation/Poss Adopt - OTC!,M,Available,Dog Adoptions C,,981020053471570,Dog,Mix,7/7/2024 12:00:00 AM,,,Y,6/12/2025 1:57 PM,5.80,,05,72.00 pound,No,,3,No,,,,,341
  Dog Adoptions C,Avg. LOS: 9,4,A0058589946,Ace,Dog,"Mixed Breed, Large (over 44 lbs fully grown)",1y 10m 8d,Black/,N,Y,Owner/Guardian Surrender/Guardian Surrender - OTC!,M,Available,Dog Adoptions C,,956000018787119,Dog,Mix,8/10/2023 12:00:00 AM,,,Y,6/3/2025 10:03 AM,14.90,,07,60.00 pound,No,,3,Yes,,,,,341
  Dog Adoptions C,Avg. LOS: 9,4,A0058636785,French Toast,Dog,"Mixed Breed, Large (over 44 lbs fully grown)",6y 8d,Chocolate/,N,N,Transfer In/ACO or DCO in County,F,Available,Dog Adoptions C,,941010003717403,Dog,Mix,6/10/2019 12:00:00 AM,,,Y,6/10/2025 9:28 AM,8.00,,08,,No,,3,No,,,,,341
  Dog Adoptions C,Avg. LOS: 9,4,A0058622451,Creamsicle,Dog,"Terrier, Pit Bull",2y 16d,White/Tan,N,Y,Return/Owned 30 Days or Less - OTC!,F,Hold - Meet and Greet,Dog Adoptions C,,941010003061767,Dog,Mix,6/2/2023 12:00:00 AM,,,Y,6/12/2025 12:44 PM,5.80,,09,38.40 pound,No,,3,Yes,,,,,341
  Dog Adoptions D,Avg. LOS: 14,1,A0058640624,Snow Cone,Dog,"Mixed Breed, Medium (up to 44 lbs fully grown)",5y 25d,White/,N,N,Transfer In/Buffalo City Animal Shelter,M,Available,Dog Adoptions D,,941010003004472,Dog,Mix,5/24/2020 12:00:00 AM,,,Y,6/4/2025 2:31 PM,13.80,,07,58.00 pound,No,,3,Yes,,,,,341
  Dog Holding E,Avg. LOS: 13,8,A0058545133,Winnie,Dog,Whippet,1y 21d,Red/White,N,Y,Transfer In/Shelter out Coalit. (Not SPCA),F,Available - Behind the Scenes,Dog Holding E,,992000003216316,Dog,Mix,5/28/2024 12:00:00 AM,,,Y,5/27/2025 10:55 AM,21.90,,02,11.80 pound,No,,3,No,,,,,341
  Dog Holding E,Avg. LOS: 13,8,A0058596028,Pancake,Dog,"Mixed Breed, Medium (up to 44 lbs fully grown)",3y 13d,Tan/White,N,N,Transfer In/ACO or DCO in County,F,Hold - Behavior Mod.,Dog Holding E,,941010004231738,Dog,Mix,6/5/2022 12:00:00 AM,,,Y,6/5/2025 10:36 AM,12.90,,04,56.40 pound,No,,1,No,,,,,341
  Dog Holding E,Avg. LOS: 13,8,A0032144299,THOR,Dog,"Collie, Smooth",9y 5m 5d,Tan/Brown,N,U,Seized/Protective Custody,M,Hold - Behavior,Dog Holding E,,982000406860098,Dog,Mix,1/13/2016 12:00:00 AM,,,Y,6/9/2025 12:38 PM,8.80,OK ITFF - SKIN/DENTAL,05,31.60 pound,No,,3,No,,,,,341
  Dog Holding E,Avg. LOS: 13,8,A0058716736,Piper,Dog,"Mixed Breed, Medium (up to 44 lbs fully grown)",4y 1d,Brown/White,N,N,Transfer In/ACO or DCO in County,F,Hold - Doc,Dog Holding E,,941010004210127,Dog,Mix,6/17/2021 12:00:00 AM,,,Y,6/16/2025 10:33 AM,1.90,,06,46.00 pound,No,,1,No,,,,,341
  Dog Holding E,Avg. LOS: 13,8,A0058640135,Sansa,Dog,"Mixed Breed, Large (over 44 lbs fully grown)",N/A,Tan/,N,U,Seized/Abandoned,U,Hold - Behavior Mod.,Dog Holding E,,,Dog,Mix,,,,U,6/4/2025 2:09 PM,13.80,,09,,No,,0,No,,,,,341
  Dog Holding E,Avg. LOS: 13,8,A0058703260,Maya,Dog,"Mixed Breed, Large (over 44 lbs fully grown)",11y 5d,Black/,N,Y,Owner/Guardian Surrender/Evaluation/Poss Adopt - OTC!,F,Hold - Doc,Dog Holding E,,,Dog,Mix,6/13/2014 12:00:00 AM,,,Y,6/13/2025 11:10 AM,4.90,,10,59.80 pound,No,,0,No,,,,,341
  Dog Holding E,Avg. LOS: 13,8,A0058639325,Benji,Dog,"Mixed Breed, Large (over 44 lbs fully grown)",10y 14d,Tan/,N,N,Owner/Guardian Surrender/Guardian Surrender - OTC!,M,Hold - Doc,Dog Holding E,,941010004234677,Dog,Mix,6/4/2015 12:00:00 AM,,,Y,6/4/2025 2:23 PM,13.80,BIOPSY PENDING,11,53.60 pound,No,,0,No,,,,,341
  Dog Holding E,Avg. LOS: 13,8,A0058530381,Momo,Dog,"Mixed Breed, Large (over 44 lbs fully grown)",7y 30d,Brindle/White,N,Y,Transfer In/Rescue Group out of Coalition,M,Hold - Behavior Mod.,Dog Holding E,,,Dog,Mix,5/19/2018 12:00:00 AM,,,Y,5/21/2025 12:12 PM,27.80,,12,,No,,0,No,,,,,341
  Dog Holding F,Avg. LOS: 17,7,A0058598619,SUDS,Dog,"Chihuahua, Short Coat",5y 20d,Black/White,N,N,Seized/Abandoned,M,Hold - Behavior Mod.,Dog Holding F,,941010003697386,Dog,"Terrier, Rat",5/29/2020 12:00:00 AM,,,Y,5/29/2025 2:00 PM,19.80,,02,5.40 pound,No,,0,No,,,,,341
  Dog Holding F,Avg. LOS: 17,7,A0058621763,Herman,Dog,"Mixed Breed, Small (under 24 lbs fully grown)",2y 16d,Red/Black,N,N,Transfer In/ACO or DCO in County,M,Hold - Behavior Mod.,Dog Holding F,,941010002702873,Dog,Mix,6/2/2023 12:00:00 AM,,,Y,6/3/2025 8:36 AM,15.00,,04,29.40 pound,No,,0,No,,,,,341
  Dog Holding F,Avg. LOS: 17,7,A0058677023,Beau,Dog,"Mixed Breed, Large (over 44 lbs fully grown)",2y 8d,White/Brown,N,N,Seized/Eviction,M,Hold - Surgery,Dog Holding F,,,Dog,Mix,6/10/2023 12:00:00 AM,,,N,6/10/2025 10:33 AM,7.90,,07,65.20 pound,No,,0,No,,,,,341
  Dog Holding F,Avg. LOS: 17,7,A0058720528,,Dog,"Terrier, Pit Bull",3y 2d,Brown/Black,N,N,Seized/Cruelty,F,Hold - Complaint,Dog Holding F,,,Dog,Mix,6/16/2022 12:00:00 AM,,,N,6/16/2025 3:04 PM,1.70,,08,44.00 pound,No,,0,No,,,,,341
  Dog Holding F,Avg. LOS: 17,7,A0058683082,COSMO,Dog,"Poodle, Standard",2y 8d,Cream/,N,N,Seized/Signed Over,M,Hold - Behavior,Dog Holding F,,956000014132424,Dog,Mix,6/10/2023 12:00:00 AM,,,Y,6/10/2025 5:19 PM,7.60,OK ITFF - MEDICAL,09,39.20 pound,No,,0,No,,,,,341
  Dog Holding F,Avg. LOS: 17,7,A0058720491,,Dog,"Mixed Breed, Large (over 44 lbs fully grown)",N/A,Grey/,N,N,Seized/Cruelty,F,Hold - Complaint,Dog Holding F,,,Dog,Mix,,Brindle/,,N,6/16/2025 3:04 PM,1.70,,10,,No,,0,No,,,,,341
  Dog Holding F,Avg. LOS: 17,7,A0052249653,SPECK,Dog,"Mixed Breed, Medium (up to 44 lbs fully grown)",2y 6m 29d,Black/White,N,Y,Return/Owned More than 30 Days - OTC!,M,Hold - Bite/Scratch,Dog Holding F,,982091072594129,Dog,Mix,11/20/2022 12:00:00 AM,,,Y,4/16/2025 1:07 PM,62.80,10 DAY CHECK,12,47.20 pound,No,,3,Yes,,,,,341
  Farm,Avg. LOS: 1442,14,A0057300395,"Emerson ""Emmy""",Bird,Chicken,1y 6m 23d,White/Cream,,U,Stray/OTC,F,Permanent Resident,Farm,,,Farm Type Fowl,,11/26/2023 12:00:00 AM,,,U,11/19/2024 8:45 AM,211.00,,Farm,,No,,1,No,,,,,341
  Farm,Avg. LOS: 1442,14,A0058654136,,Bird,"Quail, Japanese",2m 22d,Brown/,,N,Owner/Guardian Surrender/Evaluation/Poss Adopt - OTC!,M,Available,Farm,,,Domestic (Cage) Bird,"Quail, Japanese",3/27/2025 12:00:00 AM,,,N,6/6/2025 10:33 AM,11.90,,Farm,,No,,3,No,,,,,341
  Farm,Avg. LOS: 1442,14,A0058648104,Duck Vader,Bird,Duck,N/A,Black/,,N,Stray/OTC,U,In Foster to Adopt,Farm,,,Farm Type Fowl,,,,,N,6/5/2025 1:16 PM,12.80,,Foster Farm,,No,,2,No,,,,,341
  Farm,Avg. LOS: 1442,14,A0058653310,Quack Efron,Bird,Duck,N/A,Brown/,,N,Stray/OTC,U,In Foster to Adopt,Farm,,,Farm Type Fowl,,,,,N,6/5/2025 6:00 PM,12.60,,Foster Farm,,No,,2,No,,,,,341
  Farm,Avg. LOS: 1442,14,A0036675257,Brooster,Bird,Chicken,8y 2m 17d,Rust/Black/Red,N,N,Stray/Field,M,Permanent Resident,Farm,,,Farm Type Fowl,,4/1/2017 12:00:00 AM,,,N,9/28/2017 11:11 AM,2819.90,,Stall #1,,No,,3,No,,,,,341
  Farm,Avg. LOS: 1442,14,A0038590512,Lady Marmalade,Bird,Chicken,7y 1m 29d,Apricot/White,N,N,Stray/OTC,F,Permanent Resident,Farm,,,Farm Type Fowl,,4/20/2018 12:00:00 AM,,,N,5/17/2018 3:28 PM,2588.70,,Stall #1,,No,,2,No,,,,,341
  Farm,Avg. LOS: 1442,14,A0041015190,Frenchy,Bird,Chicken,N/A,Black/White,N,N,Owner/Guardian Surrender/Evaluation/Poss Adopt - OTC!,F,Permanent Resident,Farm,,,Farm Type Fowl,,,,,N,3/7/2019 11:08 AM,2294.90,,Stall #1,,No,,2,No,,,,,341
  Farm,Avg. LOS: 1442,14,A0054810701,Itty Bitty Betty,Bird,Chicken,N/A,Black/,N,N,Stray/OTC,F,Permanent Resident,Farm,,,Farm Type Fowl,,,,,N,11/18/2023 12:17 PM,577.80,,Stall #1,,No,,2,No,,,,,341
  Farm,Avg. LOS: 1442,14,A0054953947,Iris,Bird,Chicken,N/A,Lavender/,N,N,Seized/Cruelty,F,Permanent Resident,Farm,Garage 138,,Farm Type Fowl,,,,,N,12/14/2023 5:59 PM,551.60,Clear for dispo- Signed Over 8,Stall #1,,No,,1,No,,,,,341
  Farm,Avg. LOS: 1442,14,A0054953161,Bonnie,Livestock,Nubian,N/A,Brown/White,N,N,Owner/Guardian Surrender/Court Ordered Sign Over,F,Permanent Resident,Farm,Garage 18,,Goat,Boer,,,,N,2/2/2024 3:54 PM,501.70,S/O Cleared For Dispo,Stall #2,,No,,1,No,,,,,341
  Farm,Avg. LOS: 1442,14,A0054953163,Clara,Livestock,Boer,1y 9m 3d,White/Black,N,N,Owner/Guardian Surrender/Court Ordered Sign Over,F,Permanent Resident,Farm,Garage 19,,Goat,Nubian,9/15/2023 12:00:00 AM,,,N,2/2/2024 3:54 PM,501.70,,Stall #2,,No,,1,No,,,,,341
  Farm,Avg. LOS: 1442,14,A0058332064,Quailejandro,Bird,"Quail, Japanese",N/A,Brown/White/Black,,N,Stray/OTC,M,Available,Farm,,,Domestic (Cage) Bird,,,,,N,4/17/2025 12:45 PM,61.80,,Stall #2,,No,,3,No,,,,,341
  Farm,Avg. LOS: 1442,14,A0058728965,Moose,Bird,Chicken,8m 1d,Mahogany/Black,,N,Owner/Guardian Surrender/Evaluation/Poss Adopt - OTC!,M,Evaluate,Farm,,,Farm Type Fowl,,10/17/2024 12:00:00 AM,,,N,6/17/2025 3:00 PM,0.70,,Stall #3,,No,,1,No,,,,,341
  Farm,Avg. LOS: 1442,14,A0000782604,Xylord,Equine,Miniature Horse,32y 17d,Black/White,N,Y,Seized/Cruelty,M,Permanent Resident,Farm,,,Mini Horse,,6/1/1993 12:00:00 AM,,,Y,12/22/1997 12:09 AM,10040.30,,Stall #5,,No,,3,No,,,,,341
  Feature Room 1,Avg. LOS: 48,1,A0058416939,CURRY,Cat,Domestic Longhair,5y 1m 5d,Brown/White,N,U,Owner/Guardian Surrender/Guardian Surrender - OTC!,F,Available,Feature Room 1,,941010003718393,Cat,,5/13/2020 12:00:00 AM,Tabby/,,Y,5/1/2025 3:12 PM,47.70,,Feature Room 1,10.50 pound,No,,3,No,,,,,341
  Feature Room 2,Avg. LOS: 71,1,A0058262248,PALM,Cat,Domestic Shorthair,5y 2m 3d,Brown/White,N,Y,Stray/OTC,F,Available,Feature Room 2,,941010002700069,Cat,,4/15/2020 12:00:00 AM,Tabby/,,Y,4/8/2025 8:51 AM,71.00,,Feature Room 2,13.00 pound,No,,3,No,,,,,341
  Foster Care Room,Avg. LOS: 28,15,A0058368616,Oscar,Cat,Domestic Shorthair,1y 7m 24d,Grey/White,N,N,Transfer In/Buffalo City Animal Shelter,M,Hold - Rescue,Foster Care Room,,941010002971005,Cat,,10/25/2023 12:00:00 AM,,,Y,4/24/2025 1:50 PM,54.80,SEE MEMOS,01,9.40 pound,No,,2,No,,,,,341
  Foster Care Room,Avg. LOS: 28,15,A0058096300,Gengar,Cat,Domestic Shorthair,3m 4d,Brown/,N,N,Seized/Signed Over,M,Hold - Doc,Foster Care Room,,941010002841729,Cat,,3/14/2025 12:00:00 AM,Tabby/,,Y,3/28/2025 10:31 AM,81.90,,02,3.25 pound,No,,0,No,,,,,341
  Foster Care Room,Avg. LOS: 28,15,A0058096304,Lucario,Cat,Domestic Shorthair,3m 4d,Brown/White,N,N,Seized/Signed Over,M,Hold - Doc,Foster Care Room,,941010002855744,Cat,,3/14/2025 12:00:00 AM,Tabby/,,Y,3/28/2025 10:31 AM,81.90,,02,3.25 pound,No,,0,No,,,,,341
  Foster Care Room,Avg. LOS: 28,15,A0058716081,HOMER,Cat,Domestic Shorthair,4m 2d,White/Black,N,N,Stray/No Hold,M,Hold - Behavior,Foster Care Room,,941010004230995,Cat,,2/16/2025 12:00:00 AM,,,Y,6/16/2025 8:38 AM,2.00,medically cleared,03,4.00 pound,No,,1,No,,,,,341
  Foster Care Room,Avg. LOS: 28,15,A0058671143,LILLY,Cat,Domestic Shorthair,3m 1d,Grey/White,N,N,Owner/Guardian Surrender/OTC,F,Hold - Surgery,Foster Care Room,,941010004370595,Cat,Mix,3/17/2025 12:00:00 AM,Tabby/,,N,6/17/2025 2:08 PM,0.80,,04,3.70 pound,No,,2,No,,,,,341
  Foster Care Room,Avg. LOS: 28,15,A0058671146,SMOKEY,Cat,Domestic Shorthair,3m 1d,Grey/,N,N,Owner/Guardian Surrender/OTC,M,Hold - Surgery,Foster Care Room,,941010004235738,Cat,Mix,3/17/2025 12:00:00 AM,,,N,6/17/2025 2:08 PM,0.80,,04,4.30 pound,No,,2,No,,,,,341
  Foster Care Room,Avg. LOS: 28,15,A0058671149,LEAH,Cat,Domestic Shorthair,3m 1d,Brown/White,N,N,Owner/Guardian Surrender/OTC,M,Hold - Surgery,Foster Care Room,LEO,941010004224305,Cat,Mix,3/17/2025 12:00:00 AM,Tabby/,,N,6/17/2025 2:08 PM,0.80,,04,3.00 pound,No,,2,No,,,,,341
  Foster Care Room,Avg. LOS: 28,15,A0058671153,ALLIE,Cat,Domestic Shorthair,3m 1d,Black/White,N,N,Owner/Guardian Surrender/OTC,F,Hold - Surgery,Foster Care Room,,941010004207853,Cat,Mix,3/17/2025 12:00:00 AM,,,N,6/17/2025 2:08 PM,0.80,,04,3.30 pound,No,,2,No,,,,,341
  Foster Care Room,Avg. LOS: 28,15,A0058360042,Willow,Cat,Domestic Shorthair,2m 23d,Grey/,N,N,Owner/Guardian Surrender/Evaluation/Poss Adopt - OTC!,F,Hold - Surgery,Foster Care Room,,941010002865906,Cat,,3/26/2025 12:00:00 AM,Tabby/,,N,4/23/2025 1:09 PM,55.80,,05,2.50 pound,No,,0,No,,,,,341
  Foster Care Room,Avg. LOS: 28,15,A0058360045,Piper,Cat,Domestic Shorthair,2m 23d,Blue/White,N,N,Owner/Guardian Surrender/Evaluation/Poss Adopt - OTC!,F,Hold - Surgery,Foster Care Room,,941010002837647,Cat,,3/26/2025 12:00:00 AM,,,N,4/23/2025 1:09 PM,55.80,,05,2.50 pound,No,,0,No,,,,,341
  Foster Care Room,Avg. LOS: 28,15,A0058365778,Onyx,Cat,Domestic Shorthair,2m 15d,Black/,N,N,Transfer In/Feral Cat Focus,M,Hold - Surgery,Foster Care Room,,941010004195465,Cat,Mix,4/3/2025 12:00:00 AM,,,N,4/24/2025 10:04 AM,54.90,,05,2.50 pound,No,,1,No,,,,,341
  Foster Care Room,Avg. LOS: 28,15,A0058710884,SMORES,Cat,Domestic Shorthair,2y 4d,Black/White,N,N,Owner/Guardian Surrender/Evaluation/Poss Adopt - OTC!,F,Pending Foster Pickup,Foster Care Room,,941010004197632,Cat,,6/14/2023 12:00:00 AM,,,N,6/14/2025 1:50 PM,3.80,,06,7.50 pound,No,,1,No,,,,,341
  Foster Care Room,Avg. LOS: 28,15,A0058710888,,Cat,Domestic Shorthair,7d,Black/,N,N,Owner/Guardian Surrender/Evaluation/Poss Adopt - OTC!,F,Pending Foster Pickup,Foster Care Room,,,Cat,,6/11/2025 12:00:00 AM,,,N,6/14/2025 1:50 PM,3.80,,06,8.00 ounce,No,,1,No,,,,,341
  Foster Care Room,Avg. LOS: 28,15,A0058710891,,Cat,Domestic Shorthair,7d,Black/White,N,N,Owner/Guardian Surrender/Evaluation/Poss Adopt - OTC!,F,Pending Foster Pickup,Foster Care Room,,,Cat,,6/11/2025 12:00:00 AM,,,N,6/14/2025 1:50 PM,3.80,,06,6.50 pound,No,,1,No,,,,,341
  Foster Care Room,Avg. LOS: 28,15,A0058622641,KIT,Cat,Domestic Shorthair,9y 16d,Blue/,F,Y,Owner/Guardian Surrender/Evaluation/Poss Adopt - OTC!,F,Hold - Behavior,Foster Care Room,,985112007322590,Cat,,6/2/2016 12:00:00 AM,,,Y,6/3/2025 10:19 AM,14.90,OK ITFF - DENTAL,08,16.80 pound,No,,0,No,,,,,341
  Foster Home,Avg. LOS: 63,161,A0042479416,KIKI,Cat,Domestic Longhair,9y 10m 4d,Black/,N,Y,Seized/Signed Over,F,In Foster,Foster Home,twix,982126055849855,Cat,,8/14/2015 12:00:00 AM,,,Y,3/10/2025 10:17 AM,99.90,SEE MEDICAL MEMO,Foster Home,20.40 pound,No,,3,No,,,,,341
  Foster Home,Avg. LOS: 63,161,A0046861476,Brooklyn,Other,American,N/A,Silver/,N,N,Owner/Guardian Surrender/Evaluation/Poss Adopt - OTC!,M,Permanent Resident,Foster Home,Lunar,982091062187762,Rabbit,Mix,,,,Y,3/10/2021 1:36 PM,1560.80,medically cleared,Foster Home,8.75 pound,No,,3,Yes,,,,,341
  Foster Home,Avg. LOS: 63,161,A0046861487,Broadway,Other,American,N/A,Sable/,N,N,Owner/Guardian Surrender/Evaluation/Poss Adopt - OTC!,M,Permanent Resident,Foster Home,Morgan,982091062187875,Rabbit,Mix,,,,Y,3/10/2021 1:36 PM,1560.80,medically cleared,Foster Home,9.90 pound,No,,3,Yes,,,,,341
  Foster Home,Avg. LOS: 63,161,A0052669181,Alex Wolff,Other,CHINCHILLA,N/A,Grey/,N,N,Seized/Abandoned,M,Permanent Resident,Foster Home,,,Rodent,,,,,N,5/16/2023 3:06 PM,763.70,,Foster Home,1.30 pound,No,,0,No,,,,,341
  Foster Home,Avg. LOS: 63,161,A0052669183,Ernie,Other,CHINCHILLA,N/A,Grey/,N,N,Seized/Abandoned,M,Permanent Resident,Foster Home,Nat Wolff,,Rodent,,,,,N,5/16/2023 3:06 PM,763.70,,Foster Home,1.50 ounce,No,,0,No,,,,,341
  Foster Home,Avg. LOS: 63,161,A0057957792,Diamond,Dog,"Mixed Breed, Medium (up to 44 lbs fully grown)",1y 1m 6d,Tan/White,N,N,Seized/Cruelty,F,In Cruelty Foster,Foster Home,,941010002869019,Dog,Mix,5/12/2024 12:00:00 AM,,,Y,3/4/2025 4:08 PM,105.70,went back into FC,Foster Home,33.00 pound,No,,0,No,,,,,341
  Foster Home,Avg. LOS: 63,161,A0058047453,,Other,Florida White,N/A,White/,N,N,Owner/Guardian Surrender/OTC,F,In Foster,Foster Home,,,Rabbit,,,,,Y,3/21/2025 9:18 AM,89.00,IN FOSTER WITH MICHELLE,Foster Home,6.50 pound,No,,0,No,,,,,341
  Foster Home,Avg. LOS: 63,161,A0058058096,,Other,RAT-DOMESTIC,3m 4d,White/,,N,Owner/Guardian Surrender/Born in Foster,U,In Foster,Foster Home,,,Rodent,RAT-DOMESTIC,3/14/2025 12:00:00 AM,,,N,3/14/2025 3:08 PM,95.70,,Foster Home,,No,,0,No,,,,,341
  Foster Home,Avg. LOS: 63,161,A0058058107,,Other,RAT-DOMESTIC,3m 4d,White/,,N,Owner/Guardian Surrender/Born in Foster,U,In Foster,Foster Home,,,Rodent,RAT-DOMESTIC,3/14/2025 12:00:00 AM,,,N,3/14/2025 3:08 PM,95.70,,Foster Home,,No,,0,No,,,,,341
  Foster Home,Avg. LOS: 63,161,A0058058111,,Other,RAT-DOMESTIC,3m 4d,White/,,N,Owner/Guardian Surrender/Born in Foster,U,In Foster,Foster Home,,,Rodent,RAT-DOMESTIC,3/14/2025 12:00:00 AM,,,N,3/14/2025 3:08 PM,95.70,,Foster Home,,No,,0,No,,,,,341
  Foster Home,Avg. LOS: 63,161,A0058070414,SCARLET,Dog,"Mixed Breed, Medium (up to 44 lbs fully grown)",5y 2m 25d,Brown/White,N,Y,Return/Owned 30 Days or Less - OTC!,F,In Foster,Foster Home,,941010001604601,Dog,Mix,3/24/2020 12:00:00 AM,,,Y,5/21/2025 11:56 AM,27.90,,Foster Home,41.20 pound,No,,2,No,,,,,341
  Foster Home,Avg. LOS: 63,161,A0058212975,Bunny 2,Other,Florida White,2m 20d,White/,N,N,Owner/Guardian Surrender/Born in Care,M,In Foster,Foster Home,,,Rabbit,Satin,3/29/2025 12:00:00 AM,,,N,3/30/2025 10:06 AM,79.90,returned from FC,Foster Home,1.20 pound,No,,0,No,,,,,341
  Foster Home,Avg. LOS: 63,161,A0058212978,Bunny 1,Other,Florida White,2m 20d,White/,N,N,Owner/Guardian Surrender/Born in Care,M,In Foster,Foster Home,,,Rabbit,Satin,3/29/2025 12:00:00 AM,,,N,3/30/2025 10:06 AM,79.90,returned from FC,Foster Home,1.40 pound,No,,0,No,,,,,341
  Foster Home,Avg. LOS: 63,161,A0058212979,Bunny 6,Other,Florida White,2m 20d,White/,N,N,Owner/Guardian Surrender/Born in Care,F,In Foster,Foster Home,,,Rabbit,Satin,3/29/2025 12:00:00 AM,,,N,3/30/2025 10:06 AM,79.90,returned from FC,Foster Home,1.60 pound,No,,0,No,,,,,341
  Foster Home,Avg. LOS: 63,161,A0058212981,Bunny 3,Other,Florida White,2m 20d,White/,N,N,Owner/Guardian Surrender/Born in Care,F,In Foster,Foster Home,,,Rabbit,Satin,3/29/2025 12:00:00 AM,,,N,3/30/2025 10:06 AM,79.90,returned from FC,Foster Home,8.80 ounce,No,,0,No,,,,,341
  Foster Home,Avg. LOS: 63,161,A0058212982,Bunny 4,Other,Florida White,2m 20d,White/,N,N,Owner/Guardian Surrender/Born in Care,F,In Foster,Foster Home,,,Rabbit,Satin,3/29/2025 12:00:00 AM,,,N,3/30/2025 10:06 AM,79.90,returned from FC,Foster Home,1.70 pound,No,,0,No,,,,,341
  Foster Home,Avg. LOS: 63,161,A0058212985,Bunny 5,Other,Florida White,2m 20d,White/,N,N,Owner/Guardian Surrender/Born in Care,M,In Foster,Foster Home,,,Rabbit,Satin,3/29/2025 12:00:00 AM,,,N,3/30/2025 10:06 AM,79.90,returned from FC,Foster Home,1.60 pound,No,,0,No,,,,,341
  Foster Home,Avg. LOS: 63,161,A0058212987,Bunny 7,Other,Florida White,2m 20d,White/,N,N,Owner/Guardian Surrender/Born in Care,M,In Foster,Foster Home,,,Rabbit,Satin,3/29/2025 12:00:00 AM,,,N,3/30/2025 10:06 AM,79.90,returned from FC,Foster Home,10.90 ounce,No,,0,No,,,,,341
  Foster Home,Avg. LOS: 63,161,A0058213029,Ham,Other,Rex,2m 20d,White/,N,N,Owner/Guardian Surrender/Born in Care,M,In Foster,Foster Home,,,Rabbit,Mix,3/29/2025 12:00:00 AM,,,N,3/30/2025 10:17 AM,79.90,weaned from mom rabbit,Foster Home,2.90 pound,No,,0,No,,,,,341
  Foster Home,Avg. LOS: 63,161,A0058213031,Rabbit 1,Other,Rex,2m 20d,White/,N,N,Owner/Guardian Surrender/Born in Care,F,In Foster,Foster Home,,,Rabbit,Mix,3/29/2025 12:00:00 AM,,,N,3/30/2025 10:17 AM,79.90,,Foster Home,3.00 pound,No,,0,No,,,,,341
  Foster Home,Avg. LOS: 63,161,A0058213033,Rabbit 4,Other,Rex,2m 20d,White/,N,N,Owner/Guardian Surrender/Born in Care,M,In Foster,Foster Home,,,Rabbit,Mix,3/29/2025 12:00:00 AM,,,N,3/30/2025 10:17 AM,79.90,weaned from mom rabbit,Foster Home,1.70 pound,No,,0,No,,,,,341
  Foster Home,Avg. LOS: 63,161,A0058213035,Jam,Other,Rex,2m 20d,White/,N,N,Owner/Guardian Surrender/Born in Care,M,In Foster,Foster Home,,,Rabbit,Mix,3/29/2025 12:00:00 AM,,,N,3/30/2025 10:17 AM,79.90,weaned from mom rabbit,Foster Home,3.40 pound,No,,0,No,,,,,341
  Foster Home,Avg. LOS: 63,161,A0058213036,,Other,Rex,2m 20d,Buff/,N,N,Owner/Guardian Surrender/Born in Care,F,In Foster,Foster Home,,,Rabbit,Mix,3/29/2025 12:00:00 AM,,,N,3/30/2025 10:17 AM,79.90,,Foster Home,2.40 pound,No,,0,No,,,,,341
  Foster Home,Avg. LOS: 63,161,A0058227600,PISHU,Cat,Domestic Shorthair,1y 2m 17d,Black/,N,N,Seized/Abandoned,M,Hold - Behavior Mod.,Foster Home,PISHU,941010002847024,Cat,,4/1/2024 12:00:00 AM,,,Y,4/1/2025 3:53 PM,77.70,clear,Foster Home,9.50 pound,No,,3,No,,,,,341
  Foster Home,Avg. LOS: 63,161,A0058259159,MOLLY,Cat,Domestic Shorthair,6y 2m 1d,Grey/White,N,Y,Owner/Guardian Surrender/SAFE Foster,F,In SAFE Foster,Foster Home,,941010002862172,Cat,,4/17/2019 12:00:00 AM,Tabby/,,Y,4/17/2025 9:06 AM,62.00,,Foster Home,7.25 pound,No,,0,No,,,,,341
  Foster Home,Avg. LOS: 63,161,A0058259200,MR. SHEEPERTON,Cat,Domestic Longhair,6y 2m 11d,Grey/White,N,N,Owner/Guardian Surrender/SAFE Foster,M,In SAFE Foster,Foster Home,,941010002848295,Cat,,4/7/2019 12:00:00 AM,Tabby/,,Y,4/17/2025 9:06 AM,62.00,,Foster Home,10.75 pound,No,,0,No,,,,,341
  Foster Home,Avg. LOS: 63,161,A0058284280,OKLAHOMA,Dog,"Terrier, American Pit Bull",7m 8d,White/Brown,N,N,Seized/Cruelty,M,In Foster,Foster Home,,941010002985801,Dog,Mix,11/10/2024 12:00:00 AM,Brindle/,,Y,4/10/2025 3:04 PM,68.70,,Foster Home,26.00 pound,No,,0,No,,,,,341
  Foster Home,Avg. LOS: 63,161,A0058301744,Aurora,Cat,Domestic Shorthair,2m 5d,Cream/,N,N,Stray/No Hold,F,In Foster,Foster Home,,,Cat,Mix,4/13/2025 12:00:00 AM,,,N,4/14/2025 11:41 AM,64.90,ok for foster w/ surrogate mom,Foster Home,1.40 pound,No,,0,No,,,,,341
  Foster Home,Avg. LOS: 63,161,A0058305672,Cypress,Cat,Domestic Shorthair,3y 2m 3d,Brown/,N,N,Owner/Guardian Surrender/Evaluation/Poss Adopt - FIELD!,F,In Foster,Foster Home,Cry Baby,941010002877905,Cat,,4/15/2022 12:00:00 AM,Tabby/,,N,4/14/2025 5:04 PM,64.60,,Foster Home,7.00 pound,No,,0,No,,,,,341
  Foster Home,Avg. LOS: 63,161,A0058305683,,Cat,Domestic Shorthair,2m 7d,Brown/,N,N,Owner/Guardian Surrender/Evaluation/Poss Adopt - FIELD!,F,In Foster,Foster Home,,,Cat,Mix,4/11/2025 12:00:00 AM,Tabby/,,N,4/14/2025 5:04 PM,64.60,,Foster Home,1.60 pound,No,,0,No,,,,,341
  Foster Home,Avg. LOS: 63,161,A0058305686,,Cat,Domestic Shorthair,2m 7d,Grey/,N,N,Owner/Guardian Surrender/Evaluation/Poss Adopt - FIELD!,M,In Foster,Foster Home,,,Cat,Mix,4/11/2025 12:00:00 AM,Tabby/,,N,4/14/2025 5:04 PM,64.60,,Foster Home,1.60 pound,No,,0,No,,,,,341
  Foster Home,Avg. LOS: 63,161,A0058353042,SASSAFRAS,Other,Rex,N/A,White/Brown,N,N,Stray/OTC,F,In Foster,Foster Home,SASSAFRAS,,Rabbit,"Harlequin, Magpie",,Harlequin/,,N,4/24/2025 1:29 PM,54.80,NEEDS WEIGHT GAIN,Foster Home,3.40 pound,No,,3,No,,,,,341
  Foster Home,Avg. LOS: 63,161,A0058353916,,Cat,Domestic Longhair,2m 17d,Grey/Orange,N,N,Seized/Signed Over,F,In Foster,Foster Home,,941010003757887,Cat,Mix,4/1/2025 12:00:00 AM,Calico/,,N,4/22/2025 3:30 PM,56.70,ok for foster,Foster Home,1.90 pound,No,,0,No,,,,,341
  Foster Home,Avg. LOS: 63,161,A0058353961,,Cat,Domestic Shorthair,2m 17d,Black/White,N,N,Seized/Signed Over,F,In Foster,Foster Home,,941010002685059,Cat,Mix,4/1/2025 12:00:00 AM,,,N,4/22/2025 3:30 PM,56.70,ok for foster,Foster Home,1.50 pound,No,,0,No,,,,,341
  Foster Home,Avg. LOS: 63,161,A0058353970,,Cat,Domestic Longhair,2m 17d,Orange/,N,N,Seized/Signed Over,M,In Foster,Foster Home,,941010003640106,Cat,Mix,4/1/2025 12:00:00 AM,Tabby/,,N,4/22/2025 3:30 PM,56.70,ok for foster,Foster Home,1.75 pound,No,,0,No,,,,,341
  Foster Home,Avg. LOS: 63,161,A0058415270,ZOEY,Dog,"Mixed Breed, Small (under 24 lbs fully grown)",4y 1m 17d,Blue/,N,Y,Owner/Guardian Surrender/Evaluation/Poss Adopt - OTC!,F,In Foster,Foster Home,SYLVANAS,985112012095929,Dog,Mix,5/1/2021 12:00:00 AM,Merle/,,Y,5/1/2025 1:23 PM,47.80,recheck in 2 weeks,Foster Home,14.80 pound,No,,0,No,,,,,341
  Foster Home,Avg. LOS: 63,161,A0058415760,,Cat,Domestic Shorthair,1m 25d,Blue/,N,N,Transfer In/Buffalo City Animal Shelter,F,In Foster,Foster Home,,941010003007552,Cat,,4/24/2025 12:00:00 AM,,,N,5/1/2025 2:04 PM,47.80,,Foster Home,10.60 ounce,No,,0,No,,,,,341
  Foster Home,Avg. LOS: 63,161,A0058415771,,Cat,Domestic Shorthair,1m 25d,Black/,N,N,Transfer In/Buffalo City Animal Shelter,F,In Foster,Foster Home,,941010003722289,Cat,,4/24/2025 12:00:00 AM,,,N,5/1/2025 2:04 PM,47.80,,Foster Home,1.10 pound,No,,0,No,,,,,341
  Foster Home,Avg. LOS: 63,161,A0058415782,,Cat,Domestic Shorthair,1m 25d,Black/,N,N,Transfer In/Buffalo City Animal Shelter,M,In Foster,Foster Home,,941010002720714,Cat,,4/24/2025 12:00:00 AM,,,N,5/1/2025 2:04 PM,47.80,,Foster Home,1.20 pound,No,,0,No,,,,,341
  Foster Home,Avg. LOS: 63,161,A0058415801,,Cat,Domestic Shorthair,1m 25d,Black/,N,N,Transfer In/Buffalo City Animal Shelter,F,In Foster,Foster Home,,941010003646200,Cat,,4/24/2025 12:00:00 AM,,,N,5/1/2025 2:04 PM,47.80,,Foster Home,1.10 pound,No,,0,No,,,,,341
  Foster Home,Avg. LOS: 63,161,A0058415806,,Cat,Domestic Shorthair,1m 28d,Black/Orange,N,N,Transfer In/Buffalo City Animal Shelter,F,In Foster,Foster Home,,941010003622294,Cat,,4/21/2025 12:00:00 AM,,,N,5/1/2025 2:04 PM,47.80,,Foster Home,1.80 pound,No,,0,No,,,,,341
  Foster Home,Avg. LOS: 63,161,A0058415827,,Cat,Domestic Shorthair,1m 28d,Black/,N,N,Transfer In/Buffalo City Animal Shelter,F,In Foster,Foster Home,,941010003697802,Cat,,4/21/2025 12:00:00 AM,,,N,5/1/2025 2:04 PM,47.80,,Foster Home,2.00 pound,No,,0,No,,,,,341
  Foster Home,Avg. LOS: 63,161,A0058415846,Jellybean,Cat,Domestic Shorthair,1y 1m 17d,Black/Orange,N,N,Transfer In/Buffalo City Animal Shelter,F,In Foster,Foster Home,BEAN,941010003013719,Cat,,5/1/2024 12:00:00 AM,Tortoiseshell/,,N,5/1/2025 2:04 PM,47.80,,Foster Home,8.00 pound,No,,0,No,,,,,341
  Foster Home,Avg. LOS: 63,161,A0058415858,,Cat,Domestic Shorthair,1m 28d,Grey/Tan,N,N,Transfer In/Buffalo City Animal Shelter,F,In Foster,Foster Home,,941010003022327,Cat,,4/21/2025 12:00:00 AM,Tortoiseshell/,,N,5/1/2025 2:04 PM,47.80,,Foster Home,1.60 pound,No,,0,No,,,,,341
  Foster Home,Avg. LOS: 63,161,A0058415873,LIMA,Cat,Domestic Shorthair,11m 17d,Black/,N,N,Transfer In/Buffalo City Animal Shelter,F,In Foster,Foster Home,,941010003029432,Cat,,7/1/2024 12:00:00 AM,,,N,5/1/2025 2:04 PM,47.80,,Foster Home,7.50 pound,No,,0,No,,,,,341
  Foster Home,Avg. LOS: 63,161,A0058415910,,Cat,Domestic Shorthair,1m 28d,Grey/,N,N,Transfer In/Buffalo City Animal Shelter,M,In Foster,Foster Home,,941010003736355,Cat,,4/21/2025 12:00:00 AM,,,N,5/1/2025 2:04 PM,47.80,,Foster Home,2.00 pound,No,,0,No,,,,,341
  Foster Home,Avg. LOS: 63,161,A0058415913,,Cat,Domestic Shorthair,1m 28d,Black/,N,N,Transfer In/Buffalo City Animal Shelter,M,In Foster,Foster Home,,941010003021175,Cat,,4/21/2025 12:00:00 AM,,,N,5/1/2025 2:04 PM,47.80,,Foster Home,2.20 pound,No,,0,No,,,,,341
  Foster Home,Avg. LOS: 63,161,A0058419285,Scruffles,Dog,"Mixed Breed, Small (under 24 lbs fully grown)",15y 1m 16d,White/Grey,N,N,Seized/Cruelty,F,In Cruelty Foster,Foster Home,,,Dog,Mix,5/2/2010 12:00:00 AM,,,N,5/1/2025 7:05 PM,47.50,,Foster Home,8.50 pound,No,,0,No,,,,,341
  Foster Home,Avg. LOS: 63,161,A0058427091,Luca,Cat,Domestic Shorthair,2m 6d,Black/,N,N,Stray/No Hold,M,In Foster,Foster Home,,941010003695494,Cat,Mix,4/12/2025 12:00:00 AM,,,N,5/3/2025 10:19 AM,45.90,,Foster Home,1.40 pound,No,,0,No,,,,,341
  Foster Home,Avg. LOS: 63,161,A0058433950,HONEY,Cat,Domestic Shorthair,1m 28d,Black/,N,N,Stray/No Hold,F,In Foster,Foster Home,,941010003005433,Cat,Mix,4/21/2025 12:00:00 AM,,,N,5/5/2025 8:54 AM,44.00,Needs TX,Foster Home,1.90 pound,No,,0,No,,,,,341
  Foster Home,Avg. LOS: 63,161,A0058433952,PEANUT,Cat,Domestic Shorthair,1m 28d,Black/,N,N,Stray/No Hold,F,In Foster,Foster Home,,941010003023490,Cat,Mix,4/21/2025 12:00:00 AM,,,N,5/5/2025 8:54 AM,44.00,Needs TX,Foster Home,1.90 pound,No,,0,No,,,,,341
  Foster Home,Avg. LOS: 63,161,A0058433954,SOCKS,Cat,Domestic Shorthair,1m 28d,Black/,N,N,Stray/No Hold,F,In Foster,Foster Home,,941010002904486,Cat,Mix,4/21/2025 12:00:00 AM,,,N,5/5/2025 8:54 AM,44.00,Needs TX,Foster Home,1.80 pound,No,,0,No,,,,,341
  Foster Home,Avg. LOS: 63,161,A0058433959,SUGAR,Cat,Domestic Shorthair,1m 28d,Black/,N,N,Stray/No Hold,F,In Foster,Foster Home,,941010003016011,Cat,Mix,4/21/2025 12:00:00 AM,,,N,5/5/2025 8:54 AM,44.00,Needs TX,Foster Home,1.70 pound,No,,0,No,,,,,341
  Foster Home,Avg. LOS: 63,161,A0058442198,BEATRICE,Cat,Domestic Shorthair,2y 1m 11d,Black/White,N,N,Stray/OTC,F,In Foster,Foster Home,,,Cat,,5/7/2023 12:00:00 AM,,,N,5/6/2025 1:45 PM,42.80,OK return to foster,Foster Home,8.60 pound,No,,0,No,,,,,341
  Foster Home,Avg. LOS: 63,161,A0058444073,,Cat,Domestic Longhair,2m 10d,Black/Smoke,N,N,Seized/Signed Over,M,In Foster,Foster Home,13,,Cat,Mix,4/8/2025 12:00:00 AM,,,N,5/6/2025 1:22 PM,42.80,,Foster Home,1.20 pound,No,,0,No,,,,,341
  Foster Home,Avg. LOS: 63,161,A0058444084,,Cat,Domestic Longhair,2m 17d,Orange/White,N,N,Seized/Signed Over,M,In Foster,Foster Home,14,,Cat,Mix,4/1/2025 12:00:00 AM,,,N,5/6/2025 1:22 PM,42.80,MED CLEAR FOR FOSTER,Foster Home,2.00 pound,No,,0,No,,,,,341
  Foster Home,Avg. LOS: 63,161,A0058447679,,Cat,Snowshoe,2m 17d,Cream/Seal/Lilac,N,N,Owner/Guardian Surrender/Evaluation/Poss Adopt - FIELD!,F,In Foster,Foster Home,35,,Cat,Mix,4/1/2025 12:00:00 AM,Point/,,N,5/6/2025 4:50 PM,42.70,MED CLEAR FOR FOSTER,Foster Home,1.60 pound,No,,0,No,,,,,341
  Foster Home,Avg. LOS: 63,161,A0058450156,,Cat,Domestic Longhair,1y 7m 11d,Brown/White,N,N,Stray/OTC,F,In Foster,Foster Home,,941010003624111,Cat,Mix,11/7/2023 12:00:00 AM,Tabby/,,N,5/7/2025 10:12 AM,41.90,Nursing mom,Foster Home,8.10 pound,No,,0,No,,,,,341
  Foster Home,Avg. LOS: 63,161,A0058450160,,Cat,Domestic Shorthair,1m 12d,Grey/White,N,N,Stray/OTC,F,In Foster,Foster Home,,941010003042268,Cat,Mix,5/6/2025 12:00:00 AM,,,N,5/7/2025 10:12 AM,41.90,too young/nursing,Foster Home,13.00 ounce,No,,0,No,,,,,341
  Foster Home,Avg. LOS: 63,161,A0058457372,,Cat,Domestic Longhair,1m 11d,Grey/White,N,N,Stray/Born in Care,M,In Foster,Foster Home,,,Cat,,5/7/2025 12:00:00 AM,Tabby/,,N,5/8/2025 8:42 AM,41.00,OK to return to foster,Foster Home,1.30 pound,No,,0,No,,,,,341
  Foster Home,Avg. LOS: 63,161,A0058457378,,Cat,Domestic Shorthair,1m 11d,White/Black,N,N,Stray/Born in Care,M,In Foster,Foster Home,,,Cat,,5/7/2025 12:00:00 AM,,,N,5/8/2025 8:42 AM,41.00,OK to return to foster,Foster Home,1.30 pound,No,,0,No,,,,,341
  Foster Home,Avg. LOS: 63,161,A0058465818,,Cat,Domestic Shorthair,2m 7d,Brown/,N,N,Stray/No Hold,F,In Foster,Foster Home,,941010003739548,Cat,Mix,4/11/2025 12:00:00 AM,Tabby/,,N,5/9/2025 9:10 AM,40.00,,Foster Home,1.60 pound,No,,0,No,,,,,341
  Foster Home,Avg. LOS: 63,161,A0058475350,Bella,Dog,"Chihuahua, Short Coat",9y 1m 8d,Tan/,N,U,Seized/Signed Over,F,In Foster,Foster Home,,941010003690372,Dog,Mix,5/10/2016 12:00:00 AM,,,U,5/10/2025 2:20 PM,38.80,,Foster Home,5.10 pound,No,,0,No,,,,,341
  Foster Home,Avg. LOS: 63,161,A0058484847,CHERRY BLOSSOM,Cat,Domestic Shorthair,1y 1m 6d,White/Brown,N,N,Stray/OTC,F,In Foster,Foster Home,,941010003732699,Cat,,5/12/2024 12:00:00 AM,Tabby/,,N,5/12/2025 3:06 PM,36.70,,Foster Home,7.90 pound,No,,0,No,,,,,341
  Foster Home,Avg. LOS: 63,161,A0058504918,,Cat,Domestic Shorthair,1m 4d,White/Black,N,N,Stray/Born in Care,M,In Foster,Foster Home,,941010002717035,Cat,,5/14/2025 12:00:00 AM,,,N,5/15/2025 8:30 AM,34.00,,Foster Home,14.00 ounce,No,,0,No,,,,,341
  Foster Home,Avg. LOS: 63,161,A0058504919,,Cat,Domestic Shorthair,1m 4d,White/Black,N,N,Stray/Born in Care,M,In Foster,Foster Home,,941010003068043,Cat,,5/14/2025 12:00:00 AM,,,N,5/15/2025 8:30 AM,34.00,,Foster Home,1.00 pound,No,,0,No,,,,,341
  Foster Home,Avg. LOS: 63,161,A0058504921,,Cat,Domestic Shorthair,1m 4d,Brown/White,N,N,Stray/Born in Care,M,In Foster,Foster Home,,941010003008241,Cat,,5/14/2025 12:00:00 AM,Tabby/,,N,5/15/2025 8:30 AM,34.00,,Foster Home,15.50 ounce,No,,0,No,,,,,341
  Foster Home,Avg. LOS: 63,161,A0058504922,,Cat,Domestic Shorthair,1m 4d,Black/White,N,N,Stray/Born in Care,M,In Foster,Foster Home,,941010003043936,Cat,,5/14/2025 12:00:00 AM,,,N,5/15/2025 8:30 AM,34.00,,Foster Home,12.30 ounce,No,,0,No,,,,,341
  Foster Home,Avg. LOS: 63,161,A0058514522,BUCKEYE,Cat,Domestic Shorthair,2y 30d,Black/White,N,N,Stray/OTC,F,In Foster,Foster Home,,,Cat,,5/19/2023 12:00:00 AM,,,N,5/19/2025 10:20 AM,29.90,,Foster Home,6.75 pound,No,,0,No,,,,,341
  Foster Home,Avg. LOS: 63,161,A0058514530,,Cat,Domestic Shorthair,1m 21d,Black/White,N,N,Stray/OTC,F,In Foster,Foster Home,,941010003704885,Cat,,4/28/2025 12:00:00 AM,,,N,5/19/2025 10:20 AM,29.90,,Foster Home,1.10 pound,No,,0,No,,,,,341
  Foster Home,Avg. LOS: 63,161,A0058514533,,Cat,Domestic Shorthair,1m 21d,Black/White,N,N,Stray/OTC,M,In Foster,Foster Home,,941010003707726,Cat,,4/28/2025 12:00:00 AM,,,N,5/19/2025 10:20 AM,29.90,,Foster Home,15.00 ounce,No,,0,No,,,,,341
  Foster Home,Avg. LOS: 63,161,A0058514534,,Cat,Domestic Longhair,1m 21d,Black/White,N,N,Stray/OTC,M,In Foster,Foster Home,,941010002714129,Cat,,4/28/2025 12:00:00 AM,,,N,5/19/2025 10:20 AM,29.90,,Foster Home,1.00 pound,No,,0,No,,,,,341
  Foster Home,Avg. LOS: 63,161,A0058514537,,Cat,Domestic Shorthair,1m 21d,Black/White,N,N,Stray/OTC,F,In Foster,Foster Home,,941010002687293,Cat,,4/28/2025 12:00:00 AM,,,N,5/19/2025 10:20 AM,29.90,,Foster Home,1.00 pound,No,,0,No,,,,,341
  Foster Home,Avg. LOS: 63,161,A0058517116,Lime,Cat,Domestic Shorthair,2m 6d,Brown/,N,N,Stray/No Hold,M,In Foster,Foster Home,Larry,941010003723911,Cat,Mix,4/12/2025 12:00:00 AM,Tabby/,,N,5/16/2025 2:57 PM,32.80,,Foster Home,2.00 pound,No,,0,No,,,,,341
  Foster Home,Avg. LOS: 63,161,A0058517121,Lemon,Cat,Domestic Shorthair,2m 6d,Brown/,N,N,Stray/No Hold,M,In Foster,Foster Home,,941010003773012,Cat,Mix,4/12/2025 12:00:00 AM,Tabby/,,N,5/16/2025 2:57 PM,32.80,,Foster Home,2.10 pound,No,,0,No,,,,,341
  Foster Home,Avg. LOS: 63,161,A0058517133,Starry,Cat,Domestic Shorthair,2m 6d,Brown/,N,N,Stray/No Hold,M,In Foster,Foster Home,MOE,941010003675168,Cat,Mix,4/12/2025 12:00:00 AM,Tabby/,,N,5/16/2025 2:57 PM,32.80,,Foster Home,1.90 pound,No,,0,No,,,,,341
  Foster Home,Avg. LOS: 63,161,A0058517968,KATNISS,Cat,Domestic Shorthair,2m 0d,Brown/White,N,N,Stray/No Hold,F,In Foster,Foster Home,,941010002715899,Cat,Mix,4/18/2025 12:00:00 AM,Tabby/,,N,5/16/2025 3:55 PM,32.70,Ok for foster w/meds,Foster Home,1.60 pound,No,,0,No,,,,,341
  Foster Home,Avg. LOS: 63,161,A0058517971,PRIMROSE,Cat,Domestic Shorthair,2m 0d,Grey/White,N,N,Stray/No Hold,F,In Foster,Foster Home,,941010003724696,Cat,Mix,4/18/2025 12:00:00 AM,Tabby/,,N,5/16/2025 3:55 PM,32.70,Ok for foster w/meds,Foster Home,2.10 pound,No,,0,No,,,,,341
  Foster Home,Avg. LOS: 63,161,A0058517973,HAYMITCH,Cat,Domestic Shorthair,2m 0d,Brown/White,N,N,Stray/No Hold,M,In Foster,Foster Home,,941010003706766,Cat,Mix,4/18/2025 12:00:00 AM,Tabby/,,N,5/16/2025 3:55 PM,32.70,Ok for foster w/meds,Foster Home,2.00 pound,No,,0,No,,,,,341
  Foster Home,Avg. LOS: 63,161,A0058517974,PEETA,Cat,Domestic Shorthair,2m 0d,Grey/White,N,N,Stray/No Hold,M,In Foster,Foster Home,,941010002708542,Cat,Mix,4/18/2025 12:00:00 AM,,,N,5/16/2025 3:55 PM,32.70,Ok for foster w/meds,Foster Home,2.30 pound,No,,0,No,,,,,341
  Foster Home,Avg. LOS: 63,161,A0058522221,Casper,Cat,Domestic Shorthair,1m 23d,Cream/Orange,N,N,Stray/No Hold,M,In Foster,Foster Home,,,Cat,Mix,4/26/2025 12:00:00 AM,Point/,,N,5/17/2025 1:52 PM,31.80,,Foster Home,14.00 ounce,No,,0,No,,,,,341
  Foster Home,Avg. LOS: 63,161,A0058522229,Nonamie,Cat,Domestic Shorthair,1m 23d,Grey/Tan,N,N,Stray/No Hold,F,In Foster,Foster Home,,,Cat,Mix,4/26/2025 12:00:00 AM,Tabby/,,N,5/17/2025 1:52 PM,31.80,,Foster Home,1.00 pound,No,,0,No,,,,,341
  Foster Home,Avg. LOS: 63,161,A0058523296,TRIXIE,Cat,Domestic Shorthair,1m 23d,Brown/,N,N,Stray/No Hold,F,In Foster,Foster Home,,941010003719657,Cat,Mix,4/26/2025 12:00:00 AM,Tabby/,,N,5/17/2025 3:55 PM,31.70,CLEAR FOR FOSTER - ON MEDS,Foster Home,14.00 ounce,No,,0,No,,,,,341
  Foster Home,Avg. LOS: 63,161,A0058540584,Romeo,Cat,Domestic Shorthair,2m 3d,Grey/White,N,N,Stray/No Hold,M,In Foster,Foster Home,,941010003725645,Cat,Mix,4/15/2025 12:00:00 AM,Tabby/,,N,5/20/2025 3:23 PM,28.70,,Foster Home,2.10 pound,No,,0,No,,,,,341
  Foster Home,Avg. LOS: 63,161,A0058540651,Viola,Cat,Domestic Shorthair,2m 3d,Brown/,N,N,Stray/No Hold,F,In Foster,Foster Home,,941010003762302,Cat,Mix,4/15/2025 12:00:00 AM,Tabby/,,N,5/20/2025 3:23 PM,28.70,,Foster Home,1.60 pound,No,,0,No,,,,,341
  Foster Home,Avg. LOS: 63,161,A0058540666,SEBASTIAN,Cat,Domestic Shorthair,2m 3d,Brown/,N,N,Stray/No Hold,M,In Foster,Foster Home,,941010003636435,Cat,Mix,4/15/2025 12:00:00 AM,Tabby/,,N,5/20/2025 3:23 PM,28.70,doc recheck,Foster Home,1.60 pound,No,,0,No,,,,,341
  Foster Home,Avg. LOS: 63,161,A0058540675,Henry,Cat,Domestic Shorthair,2m 3d,Brown/,N,N,Stray/No Hold,M,In Foster,Foster Home,,941010002699160,Cat,Mix,4/15/2025 12:00:00 AM,Tabby/,,N,5/20/2025 3:23 PM,28.70,,Foster Home,1.80 pound,No,,0,No,,,,,341
  Foster Home,Avg. LOS: 63,161,A0058540683,Richard,Cat,Domestic Shorthair,2m 3d,Brown/White,N,N,Stray/No Hold,M,In Foster,Foster Home,,941010002712793,Cat,Mix,4/15/2025 12:00:00 AM,Tabby/,,N,5/20/2025 3:23 PM,28.70,,Foster Home,1.80 pound,No,,0,No,,,,,341
  Foster Home,Avg. LOS: 63,161,A0058540989,JANET,Cat,Domestic Shorthair,1m 10d,White/Brown,N,N,Stray/No Hold,F,In Foster,Foster Home,,,Cat,Mix,5/8/2025 12:00:00 AM,Tabby/,,N,5/20/2025 3:27 PM,28.70,,Foster Home,13.00 ounce,No,,0,No,,,,,341
  Foster Home,Avg. LOS: 63,161,A0058544621,Shadow,Cat,Domestic Shorthair,1m 19d,Black/,N,N,Stray/No Hold,F,In Foster,Foster Home,,941010003674974,Cat,,4/30/2025 12:00:00 AM,,,N,5/21/2025 12:31 PM,27.80,,Foster Home,1.20 pound,No,,0,No,,,,,341
  Foster Home,Avg. LOS: 63,161,A0058544622,Bear,Cat,Domestic Shorthair,1m 19d,Black/,N,N,Stray/No Hold,F,In Foster,Foster Home,,941010003734577,Cat,,4/30/2025 12:00:00 AM,,,N,5/21/2025 12:31 PM,27.80,,Foster Home,1.20 pound,No,,0,No,,,,,341
  Foster Home,Avg. LOS: 63,161,A0058552575,Muffler,Cat,Domestic Shorthair,2m 15d,Brown/,N,N,Stray/No Hold,F,In Foster,Foster Home,,941010003667602,Cat,,4/3/2025 12:00:00 AM,Tabby/,,N,5/22/2025 8:29 AM,27.00,,Foster Home,1.90 pound,No,,0,No,,,,,341
  Foster Home,Avg. LOS: 63,161,A0058552576,Carburetor,Cat,Domestic Shorthair,2m 15d,Brown/,N,N,Stray/No Hold,F,In Foster,Foster Home,,941010003760420,Cat,,4/3/2025 12:00:00 AM,Tabby/,,N,5/22/2025 8:29 AM,27.00,,Foster Home,1.80 pound,No,,0,No,,,,,341
  Foster Home,Avg. LOS: 63,161,A0058552578,Catalytic Converter,Cat,Domestic Shorthair,2m 15d,Brown/,N,N,Stray/No Hold,M,In Foster,Foster Home,,941010003761112,Cat,,4/3/2025 12:00:00 AM,Tabby/,,N,5/22/2025 8:29 AM,27.00,,Foster Home,1.90 pound,No,,0,No,,,,,341
  Foster Home,Avg. LOS: 63,161,A0058561031,TULIP,Cat,Domestic Shorthair,1m 24d,Blue/,N,N,Transfer In/Feral Cat Focus,M,In Foster,Foster Home,,941010003745397,Cat,Mix,4/25/2025 12:00:00 AM,,,N,5/23/2025 11:06 AM,25.90,,Foster Home,1.40 pound,No,,0,No,,,,,341
  Foster Home,Avg. LOS: 63,161,A0058561034,ROCO,Cat,Domestic Shorthair,1m 24d,Black/,N,N,Transfer In/Feral Cat Focus,M,In Foster,Foster Home,,941010003663469,Cat,Mix,4/25/2025 12:00:00 AM,,,N,5/23/2025 11:06 AM,25.90,,Foster Home,1.60 pound,No,,0,No,,,,,341
  Foster Home,Avg. LOS: 63,161,A0058569854,,Cat,Domestic Longhair,1m 25d,Grey/White,N,N,Stray/Field,F,In Foster,Foster Home,,941010002711677,Cat,Mix,4/24/2025 12:00:00 AM,Tabby/,,N,5/24/2025 12:47 PM,24.80,,Foster Home,1.70 pound,No,,0,No,,,,,341
  Foster Home,Avg. LOS: 63,161,A0058569856,,Cat,Domestic Shorthair,1m 25d,Black/,N,N,Stray/Field,M,In Foster,Foster Home,,941010003727817,Cat,Mix,4/24/2025 12:00:00 AM,,,N,5/24/2025 12:47 PM,24.80,,Foster Home,2.10 pound,No,,0,No,,,,,341
  Foster Home,Avg. LOS: 63,161,A0058569859,,Cat,Domestic Longhair,1m 25d,Black/White,N,N,Stray/Field,F,In Foster,Foster Home,,941010003713514,Cat,Mix,4/24/2025 12:00:00 AM,,,N,5/24/2025 12:47 PM,24.80,,Foster Home,1.50 pound,No,,0,No,,,,,341
  Foster Home,Avg. LOS: 63,161,A0058569861,,Cat,Domestic Shorthair,1m 25d,Grey/White,N,N,Stray/Field,F,In Foster,Foster Home,,941010003743226,Cat,Mix,4/24/2025 12:00:00 AM,Tabby/,,N,5/24/2025 12:47 PM,24.80,,Foster Home,1.90 pound,No,,0,No,,,,,341
  Foster Home,Avg. LOS: 63,161,A0058571047,,Other,GUINEA PIG,4m 25d,Brown/Orange,N,N,Stray/OTC,F,In Foster,Foster Home,,,Rodent,,1/24/2025 12:00:00 AM,,,N,5/24/2025 2:46 PM,24.80,pregnancy watch,Foster Home,12.50 ounce,No,,0,No,,,,,341
  Foster Home,Avg. LOS: 63,161,A0058571055,GUAVA,Other,GUINEA PIG,N/A,Brown/Orange,N,N,Stray/OTC,F,In Foster,Foster Home,,,Rodent,,,,,N,5/24/2025 2:46 PM,24.80,,Foster Home,1.70 pound,No,,0,No,,,,,341
  Foster Home,Avg. LOS: 63,161,A0058573503,CHESTNUT,Other,GUINEA PIG,25d,Brown/Orange,N,N,Stray/Born in Care,U,In Foster,Foster Home,,,Rodent,,5/24/2025 12:00:00 AM,,,N,5/25/2025 12:02 PM,23.80,,Foster Home,,No,,0,No,,,,,341
  Foster Home,Avg. LOS: 63,161,A0058578387,Starlight,Cat,Domestic Longhair,2m 10d,Brown/,N,N,Stray/No Hold,F,Hold - Bite/Scratch,Foster Home,,941010003665130,Cat,,4/8/2025 12:00:00 AM,Tabby/,,N,5/27/2025 10:23 AM,21.90,,Foster Home,1.70 pound,No,,0,No,,,,,341
  Foster Home,Avg. LOS: 63,161,A0058578389,Twilight,Cat,Domestic Longhair,2m 10d,Brown/,N,N,Stray/No Hold,F,In Foster,Foster Home,,941010003741340,Cat,Mix,4/8/2025 12:00:00 AM,Tabby/,,N,5/27/2025 10:23 AM,21.90,,Foster Home,1.75 pound,No,,0,No,,,,,341
  Foster Home,Avg. LOS: 63,161,A0058578392,Grogar,Cat,Domestic Shorthair,2m 10d,White/Grey,N,N,Stray/No Hold,M,In Foster,Foster Home,,941010003623954,Cat,Mix,4/8/2025 12:00:00 AM,,,N,5/27/2025 10:23 AM,21.90,,Foster Home,1.75 pound,No,,0,No,,,,,341
  Foster Home,Avg. LOS: 63,161,A0058578394,Big Mcintosh,Cat,Domestic Shorthair,2m 10d,Brown/,N,N,Stray/No Hold,M,In Foster,Foster Home,,941010003643548,Cat,Mix,4/8/2025 12:00:00 AM,Tabby/,,N,5/27/2025 10:23 AM,21.90,,Foster Home,2.25 pound,No,,0,No,,,,,341
  Foster Home,Avg. LOS: 63,161,A0058587143,,Cat,Domestic Shorthair,1m 26d,Black/White,N,N,Stray/No Hold,F,In Foster,Foster Home,,,Cat,Mix,4/23/2025 12:00:00 AM,Tuxedo/,,N,5/28/2025 11:05 AM,20.90,,Foster Home,14.50 ounce,No,,0,No,,,,,341
  Foster Home,Avg. LOS: 63,161,A0058588153,,Cat,Domestic Shorthair,2m 2d,Brown/White,N,N,Stray/No Hold,F,In Foster,Foster Home,,,Cat,Mix,4/16/2025 12:00:00 AM,Tabby/,,N,5/28/2025 11:20 AM,20.90,,Foster Home,1.50 pound,No,,0,No,,,,,341
  Foster Home,Avg. LOS: 63,161,A0058596371,,Cat,Domestic Shorthair,1m 20d,Black/,N,N,Seized/Eviction,M,In Foster,Foster Home,,941010002687569,Cat,,4/29/2025 12:00:00 AM,,,N,5/29/2025 11:21 AM,19.90,HOLD LEGAL NOTICE UNTIL 6/4,Foster Home,1.00 pound,No,,0,No,,,,,341
  Foster Home,Avg. LOS: 63,161,A0058596382,,Cat,Domestic Shorthair,1m 20d,Black/,N,N,Seized/Eviction,F,In Foster,Foster Home,,941010003766406,Cat,,4/29/2025 12:00:00 AM,,,N,5/29/2025 11:21 AM,19.90,HOLD LEGAL NOTICVE UNTIL 6/4,Foster Home,14.00 ounce,No,,0,No,,,,,341
  Foster Home,Avg. LOS: 63,161,A0058596388,,Cat,Domestic Longhair,1m 20d,Black/,N,N,Seized/Eviction,M,In Foster,Foster Home,,941010003005972,Cat,,4/29/2025 12:00:00 AM,,,N,5/29/2025 11:21 AM,19.90,HOLD LEGAL NOTICE UNTIL 6/4,Foster Home,13.50 ounce,No,,0,No,,,,,341
  Foster Home,Avg. LOS: 63,161,A0058596391,,Cat,Domestic Shorthair,1m 20d,Black/,N,N,Seized/Eviction,F,In Foster,Foster Home,,941010003771921,Cat,,4/29/2025 12:00:00 AM,,,N,5/29/2025 11:21 AM,19.90,HOLD LEGAL NOTICE UNTIL 6/4,Foster Home,14.00 ounce,No,,0,No,,,,,341
  Foster Home,Avg. LOS: 63,161,A0058605268,Pickley,Dog,"Poodle, Standard",4y 19d,Black/,N,Y,Owner/Guardian Surrender/SAFE Foster,M,In SAFE Foster,Foster Home,,956000013897034,Dog,Mix,5/30/2021 12:00:00 AM,,,Y,5/31/2025 10:32 AM,17.90,DOC CHECK EYES 6/3,Foster Home,,No,,1,No,,,,,341
  Foster Home,Avg. LOS: 63,161,A0058605925,Luke,Cat,Domestic Longhair,2m 0d,Black/,N,N,Stray/No Hold,M,In Foster,Foster Home,,941010003625453,Cat,Mix,4/18/2025 12:00:00 AM,,,N,5/30/2025 12:13 PM,18.80,,Foster Home,1.20 pound,No,,1,No,,,,,341
  Foster Home,Avg. LOS: 63,161,A0058605936,Leia,Cat,Domestic Longhair,2m 0d,Black/,N,N,Stray/No Hold,F,In Foster,Foster Home,,941010002698168,Cat,Mix,4/18/2025 12:00:00 AM,,,N,5/30/2025 12:13 PM,18.80,,Foster Home,1.40 ounce,No,,1,No,,,,,341
  Foster Home,Avg. LOS: 63,161,A0058610572,,Cat,Domestic Shorthair,2m 14d,Tan/White,N,N,Seized/Hospital,M,In Foster,Foster Home,,,Cat,Mix,4/4/2025 12:00:00 AM,Tabby/,,N,5/30/2025 5:36 PM,18.60,,Foster Home,1.90 pound,No,,0,No,,,,,341
  Foster Home,Avg. LOS: 63,161,A0058610576,,Cat,Domestic Shorthair,2m 14d,Tan/White,N,N,Seized/Hospital,F,In Foster,Foster Home,,,Cat,Mix,4/4/2025 12:00:00 AM,Tabby/,,N,5/30/2025 5:36 PM,18.60,,Foster Home,1.70 pound,No,,0,No,,,,,341
  Foster Home,Avg. LOS: 63,161,A0058611878,Wink,Cat,Domestic Shorthair,1m 28d,Brown/Orange,N,N,Stray/No Hold,F,In Foster,Foster Home,,,Cat,Mix,4/21/2025 12:00:00 AM,Torbie/,,N,6/2/2025 11:51 AM,15.90,,Foster Home,1.40 pound,No,,0,No,,,,,341
  Foster Home,Avg. LOS: 63,161,A0058619269,Cindy,Cat,Domestic Shorthair,1m 28d,Brown/White,N,N,Stray/No Hold,F,In Foster,Foster Home,,,Cat,,4/21/2025 12:00:00 AM,Tabby/,,N,6/2/2025 8:54 AM,16.00,,Foster Home,1.25 pound,No,,0,No,,,,,341
  Foster Home,Avg. LOS: 63,161,A0058622374,,Other,Angora,N/A,White/,N,N,Stray/OTC,M,In Foster,Foster Home,MARSHMALLOW FLUFF,,Rabbit,Mix,,,,N,6/2/2025 1:43 PM,15.80,too thin for surgery,Foster Home,4.60 pound,No,,1,No,,,,,341
  Foster Home,Avg. LOS: 63,161,A0058626959,IVY,Cat,Domestic Shorthair,1m 12d,Brown/Orange,N,N,Stray/No Hold,F,In Foster,Foster Home,,941010003744898,Cat,Mix,5/6/2025 12:00:00 AM,Torbie/,,N,6/3/2025 8:45 AM,15.00,CLEAR FOR FOSTER,Foster Home,13.40 ounce,No,,0,No,,,,,341
  Foster Home,Avg. LOS: 63,161,A0058627965,,Cat,Domestic Shorthair,1m 5d,Black/,N,N,Stray/No Hold,F,In Foster,Foster Home,,941010003736739,Cat,Mix,5/13/2025 12:00:00 AM,,,N,6/3/2025 10:51 AM,14.90,Too young,Foster Home,11.00 ounce,No,,0,No,,,,,341
  Foster Home,Avg. LOS: 63,161,A0058627969,,Cat,Domestic Shorthair,1m 5d,Black/,N,N,Stray/No Hold,M,In Foster,Foster Home,,941010002722274,Cat,Mix,5/13/2025 12:00:00 AM,,,N,6/3/2025 10:51 AM,14.90,Too young,Foster Home,11.00 ounce,No,,0,No,,,,,341
  Foster Home,Avg. LOS: 63,161,A0058627970,,Cat,Domestic Shorthair,1m 5d,Black/,N,N,Stray/No Hold,M,In Foster,Foster Home,,941010003726868,Cat,Mix,5/13/2025 12:00:00 AM,,,N,6/3/2025 10:51 AM,14.90,Too young,Foster Home,9.40 ounce,No,,0,No,,,,,341
  Foster Home,Avg. LOS: 63,161,A0058636089,,Cat,Domestic Shorthair,10m 14d,Blue/,N,N,Stray/Abandoned/Dumped Off at SPCA,F,In Foster,Foster Home,WAFFLE,,Cat,,8/4/2024 12:00:00 AM,,,N,6/4/2025 7:54 AM,14.00,Foster after vaccinated,Foster Home,6.40 pound,No,,0,No,,,,,341
  Foster Home,Avg. LOS: 63,161,A0058636092,,Cat,Domestic Shorthair,16d,Black/,N,N,Stray/Abandoned/Dumped Off at SPCA,F,In Foster,Foster Home,,,Cat,Mix,6/2/2025 12:00:00 AM,,,N,6/4/2025 8:00 AM,14.00,monitoring,Foster Home,1.70 pound,No,,0,No,,,,,341
  Foster Home,Avg. LOS: 63,161,A0058636095,,Cat,Domestic Shorthair,1m 11d,Black/,N,N,Stray/Abandoned/Dumped Off at SPCA,F,In Foster,Foster Home,,,Cat,Mix,5/7/2025 12:00:00 AM,,,N,6/4/2025 8:00 AM,14.00,monitoring mom cat,Foster Home,1.70 pound,No,,0,No,,,,,341
  Foster Home,Avg. LOS: 63,161,A0058636096,,Cat,Domestic Shorthair,1m 11d,Black/,N,N,Stray/Abandoned/Dumped Off at SPCA,M,In Foster,Foster Home,,,Cat,Mix,5/7/2025 12:00:00 AM,,,N,6/4/2025 8:00 AM,14.00,monitoring mom cat,Foster Home,1.70 pound,No,,0,No,,,,,341
  Foster Home,Avg. LOS: 63,161,A0058636098,,Cat,Domestic Shorthair,1m 11d,Blue/,N,N,Stray/Abandoned/Dumped Off at SPCA,F,In Foster,Foster Home,,,Cat,Mix,5/7/2025 12:00:00 AM,,,N,6/4/2025 8:00 AM,14.00,monitoring mom cat,Foster Home,1.70 pound,No,,0,No,,,,,341
  Foster Home,Avg. LOS: 63,161,A0058650503,,Cat,Domestic Shorthair,1m 25d,Black/White,N,N,Stray/No Hold,M,In Foster,Foster Home,,941010003007009,Cat,,4/24/2025 12:00:00 AM,,,N,6/5/2025 3:52 PM,12.70,,Foster Home,1.25 pound,No,,0,No,,,,,341
  Foster Home,Avg. LOS: 63,161,A0058650513,,Cat,Domestic Shorthair,1m 25d,Brown/White,N,N,Stray/No Hold,M,In Foster,Foster Home,,941010003740905,Cat,,4/24/2025 12:00:00 AM,Tabby/,,N,6/5/2025 3:52 PM,12.70,,Foster Home,1.25 pound,No,,0,No,,,,,341
  Foster Home,Avg. LOS: 63,161,A0058650521,,Cat,Domestic Shorthair,1m 25d,Orange/White,N,N,Stray/No Hold,F,In Foster,Foster Home,,941010003696393,Cat,,4/24/2025 12:00:00 AM,Calico/,,N,6/5/2025 3:52 PM,12.70,,Foster Home,1.25 pound,No,,0,No,,,,,341
  Foster Home,Avg. LOS: 63,161,A0058650528,,Cat,Domestic Longhair,1m 25d,Black/Orange,N,N,Stray/No Hold,F,In Foster,Foster Home,,941010002701799,Cat,,4/24/2025 12:00:00 AM,Calico/,,N,6/5/2025 3:52 PM,12.70,,Foster Home,1.25 pound,No,,0,No,,,,,341
  Foster Home,Avg. LOS: 63,161,A0058656084,Chloe,Cat,Domestic Shorthair,2m 12d,Black/White,N,N,Stray/No Hold,F,In Foster,Foster Home,,,Cat,,4/6/2025 12:00:00 AM,,,N,6/6/2025 2:15 PM,11.80,,Foster Home,1.70 pound,No,,0,No,,,,,341
  Foster Home,Avg. LOS: 63,161,A0058656088,Cleo,Cat,Domestic Shorthair,2m 12d,Brown/White,N,N,Stray/No Hold,F,In Foster,Foster Home,,,Cat,,4/6/2025 12:00:00 AM,Tabby/,,N,6/6/2025 2:15 PM,11.80,,Foster Home,1.70 pound,No,,0,No,,,,,341
  Foster Home,Avg. LOS: 63,161,A0058669457,SWEETHEART,Cat,Domestic Shorthair,2m 4d,Black/,N,N,Stray/No Hold,F,In Foster,Foster Home,,941010003706004,Cat,,4/14/2025 12:00:00 AM,,,N,6/9/2025 10:56 AM,8.90,WEIGHT GAIN,Foster Home,1.60 pound,No,,0,No,,,,,341
  Foster Home,Avg. LOS: 63,161,A0058669458,BING,Cat,Domestic Shorthair,2m 4d,Brown/,N,N,Stray/No Hold,M,In Foster,Foster Home,,941010003761264,Cat,,4/14/2025 12:00:00 AM,Tabby/,,N,6/9/2025 10:56 AM,8.90,WEIGHT GAIN,Foster Home,2.00 pound,No,,0,No,,,,,341
  Foster Home,Avg. LOS: 63,161,A0058670802,MONTMORENCY,Cat,Domestic Shorthair,2m 4d,Black/,N,N,Owner/Guardian Surrender/Field,M,In Foster,Foster Home,,941010003697690,Cat,,4/14/2025 12:00:00 AM,,,N,6/9/2025 12:43 PM,8.80,WEIGHT GAIN,Foster Home,2.00 pound,No,,0,No,,,,,341
  Foster Home,Avg. LOS: 63,161,A0058670807,MARASCHINO,Cat,Domestic Shorthair,2m 4d,Black/,N,N,Owner/Guardian Surrender/Field,M,In Foster,Foster Home,,941010003743572,Cat,,4/14/2025 12:00:00 AM,,,N,6/9/2025 12:43 PM,8.80,WEIGHT GAIN,Foster Home,2.00 pound,No,,0,No,,,,,341
  Foster Home,Avg. LOS: 63,161,A0058679141,,Cat,Domestic Shorthair,19d,Black/,N,N,Stray/No Hold,F,In Foster,Foster Home,,,Cat,Mix,5/31/2025 12:00:00 AM,,,N,6/10/2025 1:01 PM,7.80,Need bottle baby foster,Foster Home,6.00 ounce,No,,0,No,,,,,341
  Foster Home,Avg. LOS: 63,161,A0058679149,,Cat,Domestic Shorthair,19d,Black/White,N,N,Stray/No Hold,F,In Foster,Foster Home,,,Cat,Mix,5/31/2025 12:00:00 AM,,,N,6/10/2025 1:01 PM,7.80,Need bottle baby foster,Foster Home,4.00 ounce,No,,0,No,,,,,341
  Foster Home,Avg. LOS: 63,161,A0058679157,,Cat,Domestic Shorthair,19d,Black/,N,N,Stray/No Hold,M,In Foster,Foster Home,,,Cat,Mix,5/31/2025 12:00:00 AM,,,N,6/10/2025 1:01 PM,7.80,Need bottle baby foster,Foster Home,9.00 ounce,No,,0,No,,,,,341
  Foster Home,Avg. LOS: 63,161,A0058682110,,Cat,Domestic Shorthair,22d,Tan/,N,N,Stray/No Hold,F,In Foster,Foster Home,,941010004186565,Cat,,5/27/2025 12:00:00 AM,Tabby/,,N,6/10/2025 4:01 PM,7.70,,Foster Home,8.82 ounce,No,,0,No,,,,,341
  Foster Home,Avg. LOS: 63,161,A0058682112,,Cat,Domestic Shorthair,22d,Tan/,N,N,Stray/No Hold,M,In Foster,Foster Home,,941010003014942,Cat,,5/27/2025 12:00:00 AM,Tabby/,,N,6/10/2025 4:01 PM,7.70,,Foster Home,8.78 ounce,No,,0,No,,,,,341
  Foster Home,Avg. LOS: 63,161,A0058682114,,Cat,Domestic Shorthair,22d,Orange/,N,N,Stray/No Hold,M,In Foster,Foster Home,,941010004399729,Cat,,5/27/2025 12:00:00 AM,Tabby/,,N,6/10/2025 4:01 PM,7.70,,Foster Home,7.40 ounce,No,,0,No,,,,,341
  Foster Home,Avg. LOS: 63,161,A0058682117,,Cat,Domestic Shorthair,1m 27d,Brown/Orange,N,N,Stray/No Hold,F,In Foster,Foster Home,,,Cat,,4/22/2025 12:00:00 AM,Torbie/,,N,6/10/2025 4:01 PM,7.70,,Foster Home,1.80 pound,No,,0,No,,,,,341
  Foster Home,Avg. LOS: 63,161,A0058682119,,Cat,Domestic Shorthair,1m 27d,Tan/,N,N,Stray/No Hold,F,In Foster,Foster Home,,,Cat,,4/22/2025 12:00:00 AM,Tabby/,,N,6/10/2025 4:01 PM,7.70,,Foster Home,1.60 pound,No,,0,No,,,,,341
  Foster Home,Avg. LOS: 63,161,A0058682122,,Cat,Domestic Shorthair,1m 27d,Grey/,N,N,Stray/No Hold,F,In Foster,Foster Home,,,Cat,,4/22/2025 12:00:00 AM,Tabby/,,N,6/10/2025 4:01 PM,7.70,,Foster Home,1.40 pound,No,,0,No,,,,,341
  Foster Home,Avg. LOS: 63,161,A0058682126,,Cat,Domestic Longhair,1m 27d,Black/White,N,N,Stray/No Hold,M,In Foster,Foster Home,,,Cat,,4/22/2025 12:00:00 AM,,,N,6/10/2025 4:01 PM,7.70,,Foster Home,1.90 pound,No,,0,No,,,,,341
  Foster Home,Avg. LOS: 63,161,A0058682129,,Cat,Domestic Longhair,1m 27d,Orange/,N,N,Stray/No Hold,F,In Foster,Foster Home,,,Cat,,4/22/2025 12:00:00 AM,Tabby/,,N,6/10/2025 4:01 PM,7.70,,Foster Home,1.90 pound,No,,0,No,,,,,341
  Foster Home,Avg. LOS: 63,161,A0058694278,,Cat,Domestic Shorthair,1m 10d,Brown/White,N,N,Stray/No Hold,F,In Foster,Foster Home,,,Cat,Mix,5/8/2025 12:00:00 AM,Tabby/,,N,6/12/2025 12:53 PM,5.80,,Foster Home,11.00 ounce,No,,0,No,,,,,341
  Foster Home,Avg. LOS: 63,161,A0058694280,,Cat,Domestic Shorthair,1m 10d,White/Orange,N,N,Stray/No Hold,F,In Foster,Foster Home,,,Cat,Mix,5/8/2025 12:00:00 AM,Calico/,,N,6/12/2025 12:53 PM,5.80,,Foster Home,14.00 ounce,No,,0,No,,,,,341
  Foster Home,Avg. LOS: 63,161,A0058694286,,Cat,Domestic Shorthair,1m 10d,Orange/White,N,N,Stray/No Hold,M,In Foster,Foster Home,,,Cat,Mix,5/8/2025 12:00:00 AM,Tabby/,,N,6/12/2025 12:53 PM,5.80,,Foster Home,1.00 pound,No,,0,No,,,,,341
  Foster Home,Avg. LOS: 63,161,A0058696743,,Cat,Domestic Shorthair,2m 6d,Black/,N,N,Stray/No Hold,F,In Foster,Foster Home,,941010003667130,Cat,Mix,4/12/2025 12:00:00 AM,,,N,6/12/2025 1:24 PM,5.80,,Foster Home,1.80 pound,No,,0,No,,,,,341
  Foster Home,Avg. LOS: 63,161,A0058696745,,Cat,Domestic Shorthair,2m 6d,Black/White,N,N,Stray/No Hold,F,In Foster,Foster Home,,941010003696180,Cat,Mix,4/12/2025 12:00:00 AM,,,N,6/12/2025 1:24 PM,5.80,,Foster Home,2.00 pound,No,,0,No,,,,,341
  Foster Home,Avg. LOS: 63,161,A0058696758,,Cat,Domestic Shorthair,2m 6d,Black/White,N,N,Stray/No Hold,F,In Foster,Foster Home,,941010003055894,Cat,Mix,4/12/2025 12:00:00 AM,,,N,6/12/2025 1:24 PM,5.80,,Foster Home,1.40 pound,No,,0,No,,,,,341
  Foster Home,Avg. LOS: 63,161,A0058709066,Winnie,Cat,Domestic Shorthair,21d,Black/Orange,N,N,Stray/OTC,F,In Foster,Foster Home,RAVEN,941010002715805,Cat,Mix,5/28/2025 12:00:00 AM,Tortoiseshell/,,N,6/14/2025 8:25 AM,4.00,CLEAR FOR FOSTER,Foster Home,10.00 ounce,No,,1,No,,,,,341
  Foster Home,Avg. LOS: 63,161,A0058711213,,Cat,Domestic Shorthair,19d,White/Orange,N,N,Stray/No Hold,M,In Foster,Foster Home,,,Cat,Mix,5/31/2025 12:00:00 AM,,,N,6/14/2025 2:24 PM,3.80,,Foster Home,7.50 ounce,No,,1,No,,,,,341
  Foster Home,Avg. LOS: 63,161,A0058711214,,Cat,Domestic Shorthair,19d,White/Orange,N,N,Stray/No Hold,M,In Foster,Foster Home,,,Cat,Mix,5/31/2025 12:00:00 AM,,,N,6/14/2025 2:24 PM,3.80,,Foster Home,9.50 ounce,No,,1,No,,,,,341
  Foster Home,Avg. LOS: 63,161,A0058728323,,Cat,Domestic Shorthair,1m 8d,Brown/White,N,N,Stray/No Hold,F,In Foster,Foster Home,,941010004220571,Cat,Mix,5/10/2025 12:00:00 AM,Tabby/,,N,6/17/2025 2:29 PM,0.80,,Foster Home,1.30 pound,No,,1,No,,,,,341
  Humane Education Office,Avg. LOS: 565,6,A0052747565,Elliot,Other,Bearded Dragon,N/A,Brown/,N,N,Stray/Abandoned by owner - OTC!,M,Permanent Resident,Humane Education Office,,,Reptile/Amphibian,,,,,N,5/27/2023 9:18 AM,753.00,Humane Education Perm Resident,Humane Ed Office,446.00 gram,No,,0,No,,,,,341
  Humane Education Office,Avg. LOS: 565,6,A0056143449,HERBIE,Other,GUINEA PIG,1y 5d,Brown/White,N,N,Stray/Born in Foster,M,Permanent Resident,Humane Education Office,KENT,,Rodent,GUINEA PIG,6/13/2024 12:00:00 AM,Tricolor/,,N,6/13/2024 2:33 PM,369.80,MED CLEARED,Humane Ed Office,9.50 ounce,No,,0,No,,,,,341
  Humane Education Office,Avg. LOS: 565,6,A0057946635,,Other,RAT-DOMESTIC,4m 5d,White/,N,N,Owner/Guardian Surrender/Evaluation/Poss Adopt - OTC!,M,In Foster,Humane Education Office,,,Rodent,,2/13/2025 12:00:00 AM,,,N,3/6/2025 10:12 AM,103.90,with Humane Ed until sx,Humane Ed Office,263.00 gram,No,,0,No,,,,,341
  Humane Education Office,Avg. LOS: 565,6,A0058058104,,Other,RAT-DOMESTIC,3m 4d,White/,N,N,Owner/Guardian Surrender/Born in Foster,M,In Foster,Humane Education Office,,,Rodent,RAT-DOMESTIC,3/14/2025 12:00:00 AM,,,N,3/14/2025 3:08 PM,95.70,with Humane Ed until sx,Humane Ed Office,200.00 gram,No,,0,No,,,,,341
  Humane Education Office,Avg. LOS: 565,6,A0050404927,HANDSOME HENRY,Other,Ferret,4y 7d,Sable/,N,Y,Owner/Guardian Surrender/Guardian Surrender - OTC!,M,Permanent Resident,Humane Education Office,,941010003153911,Mammal,,6/11/2021 12:00:00 AM,,,Y,6/14/2022 10:29 AM,1099.90,per HuEd,Humane Ed Office,2.50 pound,No,,0,No,,,,,341
  Humane Education Office,Avg. LOS: 565,6,A0051407698,FLAKE,Other,"Snake, Corn",N/A,Orange/Golden,N,N,Stray/OTC,M,Permanent Resident,Humane Education Office,,,Reptile/Amphibian,,,,,N,10/26/2022 5:44 PM,965.60,,Humane Ed Office,136.00 gram,No,,0,No,,,,,341
  ICU,Avg. LOS: 66,5,A0058096299,Clefairy,Cat,Domestic Shorthair,3m 4d,Brown/White,N,N,Seized/Signed Over,F,Hold - Adopted!,ICU,,941010002989733,Cat,,3/14/2025 12:00:00 AM,Tabby/,,Y,3/28/2025 10:31 AM,81.90,,01 - A,3.00 pound,No,,0,No,,,,,341
  ICU,Avg. LOS: 66,5,A0058698188,BOB ROSS,Cat,Domestic Shorthair,2y 6d,Blue/,N,N,Stray/OTC,M,Hold - Behavior,ICU,BOB ROSS,941010004212358,Cat,,6/12/2023 12:00:00 AM,,,Y,6/12/2025 3:19 PM,5.70,,02,7.75 pound,No,,0,No,,,,,341
  ICU,Avg. LOS: 66,5,A0058096303,MEW,Cat,Domestic Shorthair,3m 4d,Brown/White,N,N,Seized/Signed Over,M,Hold - Doc,ICU,,941010002887849,Cat,,3/14/2025 12:00:00 AM,Tabby/,,Y,3/28/2025 10:31 AM,81.90,,03 - A,3.00 pound,No,,0,No,,,,,341
  ICU,Avg. LOS: 66,5,A0057711591,Comet,Cat,Domestic Shorthair,13y 4m 21d,Black/,N,Y,Owner/Guardian Surrender/Guardian Surrender - OTC!,F,Hold - Dental,ICU,,941010002412234,Cat,,1/28/2012 12:00:00 AM,,,Y,1/28/2025 2:01 PM,140.80,needs dental,04 - B,8.00 pound,No,,3,No,,,,,341
  ICU,Avg. LOS: 66,5,A0043218333,CEDAR,Cat,Domestic Shorthair,6y 5d,Black/,N,Y,Stray/Field,M,Hold - Doc,ICU,,982126056793301,Cat,,6/13/2019 12:00:00 AM,,,Y,5/30/2025 12:17 PM,18.80,RECHECK 6/20,06,12.00 pound,No,,0,No,,,,,341
  If The Fur Fits,Avg. LOS: 58,30,A0058370607,HELENA,Cat,Domestic Shorthair,5y 1m 20d,Black/White,N,N,Seized/Signed Over,F,In If the Fur Fits - Behavior,If The Fur Fits,,941010002903015,Cat,,4/29/2020 12:00:00 AM,,,Y,4/24/2025 4:15 PM,54.70,,Behavior,4.75 pound,No,,2,No,,,,,341
  If The Fur Fits,Avg. LOS: 58,30,A0057230680,Wishbone,Dog,"Mixed Breed, Large (over 44 lbs fully grown)",8y 7m 5d,Black/White,N,N,Transfer In/ACO or DCO in County,M,In If the Fur Fits - Medical,If The Fur Fits,,981020039893290,Dog,Mix,11/13/2016 12:00:00 AM,,,Y,11/13/2024 11:00 AM,216.90,bmod/itff med- needs dental,Medical,59.20 pound,No,,3,Yes,,,,,341
  If The Fur Fits,Avg. LOS: 58,30,A0057853586,Max,Cat,Domestic Shorthair,4m 25d,Grey/,N,N,Owner/Guardian Surrender/Evaluation/Poss Adopt - FIELD!,M,In If the Fur Fits - Medical,If The Fur Fits,Snorkel,941010002908018,Cat,,1/24/2025 12:00:00 AM,Tabby/,,Y,2/14/2025 2:56 PM,123.80,,Medical,6.00 pound,No,,0,No,,,,,341
  If The Fur Fits,Avg. LOS: 58,30,A0057884999,COLLIE,Cat,Domestic Shorthair,4y 3m 29d,Orange/,N,N,Owner/Guardian Surrender/OTC,M,In If the Fur Fits - Medical,If The Fur Fits,,941010002905413,Cat,,2/20/2021 12:00:00 AM,Tabby/,,Y,2/20/2025 3:41 PM,117.70,NEEDS DENTAL SCHEDULED,Medical,7.25 pound,No,,2,No,,,,,341
  If The Fur Fits,Avg. LOS: 58,30,A0057966945,Nushi,Cat,Domestic Shorthair,6y 3m 12d,Blue/White,N,N,Owner/Guardian Surrender/Evaluation/Poss Adopt - OTC!,M,In If the Fur Fits - Medical,If The Fur Fits,,941010003725725,Cat,,3/6/2019 12:00:00 AM,,,Y,3/25/2025 9:49 AM,85.00,,Medical,10.50 pound,No,,3,No,,,,,341
  If The Fur Fits,Avg. LOS: 58,30,A0057976477,Bubba,Dog,"Mixed Breed, Large (over 44 lbs fully grown)",11m 11d,Tan/,N,Y,Return/Medical Treatment - OTC!,M,In If the Fur Fits - Medical,If The Fur Fits,,941010002909562,Dog,Mix,7/7/2024 12:00:00 AM,,,Y,6/6/2025 8:06 AM,12.00,,Medical,48.00 pound,No,,3,Yes,,,,,341
  If The Fur Fits,Avg. LOS: 58,30,A0058018420,SAMMY,Dog,Shih Tzu,8y 9m 5d,White/Blue,N,Y,Owner/Guardian Surrender/Evaluation/Poss Adopt - OTC!,M,In If the Fur Fits - Medical,If The Fur Fits,,982000411328019,Dog,"Chihuahua, Short Coat",9/13/2016 12:00:00 AM,,,Y,4/3/2025 9:58 AM,76.00,IN ITFF MEDICAL,Medical,13.50 pound,No,,0,No,,,,,341
  If The Fur Fits,Avg. LOS: 58,30,A0058048215,OREO,Cat,Domestic Shorthair,8y 2m 29d,Black/White,N,N,Owner/Guardian Surrender/Evaluation/Poss Adopt - OTC!,M,In If the Fur Fits - Medical,If The Fur Fits,,941010002854364,Cat,,3/20/2017 12:00:00 AM,,,Y,3/21/2025 12:22 PM,88.80,NEEDS DENTAL SCHEDULED,Medical,9.50 pound,No,,3,No,,,,,341
  If The Fur Fits,Avg. LOS: 58,30,A0058074487,JENNIFER,Cat,Domestic Shorthair,8y 2m 24d,White/Black,N,Y,Seized/Signed Over,F,In If the Fur Fits - Medical,If The Fur Fits,,941010002908153,Cat,,3/25/2017 12:00:00 AM,,,Y,3/25/2025 11:07 AM,84.90,NEEDS DENTAL SCHEDULED,Medical,9.00 pound,No,,3,No,,,,,341
  If The Fur Fits,Avg. LOS: 58,30,A0058074491,CARMELA,Cat,Domestic Shorthair,8y 2m 24d,Blue/White,N,Y,Seized/Signed Over,F,In If the Fur Fits - Medical,If The Fur Fits,,941010002934180,Cat,,3/25/2017 12:00:00 AM,,,Y,3/25/2025 11:07 AM,84.90,,Medical,9.60 pound,No,,3,No,,,,,341
  If The Fur Fits,Avg. LOS: 58,30,A0058216827,WESLEY,Cat,Domestic Shorthair,6y 2m 19d,Blue/,N,Y,Stray/OTC,M,In If the Fur Fits - Medical,If The Fur Fits,,941010002911698,Cat,,3/31/2019 12:00:00 AM,,,Y,3/31/2025 11:29 AM,78.90,,Medical,11.50 pound,No,,3,No,,,,,341
  If The Fur Fits,Avg. LOS: 58,30,A0058231395,,Cat,Domestic Shorthair,3m 2d,Orange/,N,N,Stray/No Hold,M,In If the Fur Fits - Medical,If The Fur Fits,,941010002719568,Cat,,3/16/2025 12:00:00 AM,Tabby/,,Y,4/2/2025 11:22 AM,76.90,"ok itff, recheck 2 weeks",Medical,4.00 pound,No,,0,No,,,,,341
  If The Fur Fits,Avg. LOS: 58,30,A0058231399,Rosie,Cat,Domestic Shorthair,3m 2d,Black/Orange,N,N,Stray/No Hold,F,In If the Fur Fits - Medical,If The Fur Fits,,941010002695935,Cat,Mix,3/16/2025 12:00:00 AM,Torbie/,,Y,4/2/2025 11:22 AM,76.90,,Medical,3.00 pound,No,,0,No,,,,,341
  If The Fur Fits,Avg. LOS: 58,30,A0058304783,MUPPET,Dog,Shih Tzu,3y 2m 1d,White/,N,N,Seized/Signed Over,F,In If the Fur Fits - Medical,If The Fur Fits,,941010002871300,Dog,Mix,4/17/2022 12:00:00 AM,,,Y,4/15/2025 9:38 AM,64.00,,Medical,11.20 pound,No,,3,No,,,,,341
  If The Fur Fits,Avg. LOS: 58,30,A0058365909,FRANKLIN,Cat,Domestic Shorthair,8y 1m 25d,Grey/White,N,Y,Owner/Guardian Surrender/Evaluation/Poss Adopt - OTC!,M,In If the Fur Fits - Medical,If The Fur Fits,FRANNY/FRANCIS,941010003047159,Cat,,4/24/2017 12:00:00 AM,,,Y,4/29/2025 2:51 PM,49.80,,Medical,21.50 pound,No,,0,No,,,,,341
  If The Fur Fits,Avg. LOS: 58,30,A0058377570,PLUM,Cat,Domestic Longhair,7y 1m 23d,Black/White,N,N,Seized/Signed Over,F,In If the Fur Fits - Medical,If The Fur Fits,,,Cat,,4/26/2018 12:00:00 AM,,,Y,4/25/2025 4:20 PM,53.70,,Medical,8.50 pound,No,,3,No,,,,,341
  If The Fur Fits,Avg. LOS: 58,30,A0058387440,Coco,Dog,"Terrier, Yorkshire",2y 1m 21d,Brown/,N,Y,Owner/Guardian Surrender/Evaluation/Poss Adopt - OTC!,M,In If the Fur Fits - Medical,If The Fur Fits,,933000320342820,Dog,Mix,4/28/2023 12:00:00 AM,,,Y,5/6/2025 12:47 PM,42.80,,Medical,5.00 pound,No,,2,No,,,,,341
  If The Fur Fits,Avg. LOS: 58,30,A0058448506,Momo,Cat,Ragdoll,3m 23d,Cream/Brown,N,N,Owner/Guardian Surrender/OTC,M,In If the Fur Fits - Medical,If The Fur Fits,36,941010002695063,Cat,Mix,2/26/2025 12:00:00 AM,,,N,5/6/2025 6:33 PM,42.60,medically cleared ITFF,Medical,2.40 pound,No,,0,No,,,,,341
  If The Fur Fits,Avg. LOS: 58,30,A0058452209,Elvis,Cat,Domestic Shorthair,1y 1m 11d,Black/White,N,N,Owner/Guardian Surrender/Evaluation/Poss Adopt - FIELD!,M,In If the Fur Fits - Medical,If The Fur Fits,39,941010003731773,Cat,,5/7/2024 12:00:00 AM,,,N,5/7/2025 12:49 PM,41.80,medically cleared ITFF,Medical,8.40 pound,No,,0,No,,,,,341
  If The Fur Fits,Avg. LOS: 58,30,A0058501181,BIG MAC,Dog,"Mixed Breed, Large (over 44 lbs fully grown)",4y 1m 12d,White/Grey,N,N,Transfer In/Buffalo City Animal Shelter,M,In If the Fur Fits - Medical,If The Fur Fits,,941010003742836,Dog,Mix,5/6/2021 12:00:00 AM,,,Y,5/14/2025 2:37 PM,34.80,bmc,Medical,87.00 pound,No,,2,No,,,,,341
  If The Fur Fits,Avg. LOS: 58,30,A0058581968,LUNA,Dog,"Mixed Breed, Large (over 44 lbs fully grown)",1y 6m 7d,Brown/White,N,N,Seized/Cruelty,F,In If the Fur Fits - Medical,If The Fur Fits,,941010004377674,Dog,Mix,12/11/2023 12:00:00 AM,,,Y,5/27/2025 2:27 PM,21.80,,Medical,35.50 pound,No,,3,Yes,,,,,341
  If The Fur Fits,Avg. LOS: 58,30,A0058597214,Bella,Dog,"Mixed Breed, Medium (up to 44 lbs fully grown)",5y 20d,Black/Tan,N,Y,Owner/Guardian Surrender/Evaluation/Poss Adopt - OTC!,F,In If the Fur Fits - Medical,If The Fur Fits,,985112011343817,Dog,Mix,5/29/2020 12:00:00 AM,,,Y,6/3/2025 10:49 AM,14.90,,Medical,33.00 pound,No,,3,No,,,,,341
  If The Fur Fits,Avg. LOS: 58,30,A0058600883,NIGHT RIDER,Cat,Domestic Shorthair,7y 20d,Black/,N,Y,Stray/OTC,M,In If the Fur Fits - Medical,If The Fur Fits,,941010003025634,Cat,,5/29/2018 12:00:00 AM,,,Y,5/29/2025 3:51 PM,19.70,,Medical,10.30 pound,No,,0,No,,,,,341
  If The Fur Fits,Avg. LOS: 58,30,A0058419271,Tito,Dog,"Mixed Breed, Small (under 24 lbs fully grown)",5y 1m 16d,White/,N,N,Seized/Cruelty,M,In If the Fur Fits - Trial,If The Fur Fits,,941010004216939,Dog,Mix,5/2/2020 12:00:00 AM,,,Y,5/1/2025 7:05 PM,47.50,,Trial,10.20 pound,No,,3,No,,,,,341
  If The Fur Fits,Avg. LOS: 58,30,A0058462380,SEPERAVI,Cat,Domestic Longhair,1y 7m 10d,Black/,N,N,Seized/Signed Over,M,In If the Fur Fits - Trial,If The Fur Fits,49,941010002713980,Cat,,11/8/2023 12:00:00 AM,,,Y,5/8/2025 3:29 PM,40.70,,Trial,1.70 pound,No,,1,No,,,,,341
  If The Fur Fits,Avg. LOS: 58,30,A0058501234,CHERRY CHEESECAKE,Dog,"Mixed Breed, Large (over 44 lbs fully grown)",4y 2m 23d,White/Brown,N,N,Transfer In/Buffalo City Animal Shelter,F,In If the Fur Fits - Trial,If The Fur Fits,CHERRY,941010003736077,Dog,Mix,3/26/2021 12:00:00 AM,,,Y,5/14/2025 2:37 PM,34.80,,Trial,45.00 pound,No,,3,Yes,,,,,341
  If The Fur Fits,Avg. LOS: 58,30,A0058594810,CHARLI,Cat,Domestic Longhair,4y 19d,White/Orange,N,N,Seized/Signed Over,F,In If the Fur Fits - Trial,If The Fur Fits,,941010003727634,Cat,,5/31/2021 12:00:00 AM,Tortie Lynx Point/,,Y,5/29/2025 8:36 AM,20.00,,Trial,7.00 pound,No,,0,No,,,,,341
  If The Fur Fits,Avg. LOS: 58,30,A0058640645,CROUTON,Dog,"Mixed Breed, Medium (up to 44 lbs fully grown)",3y 19d,Brindle/White,N,Y,Return/Owned 30 Days or Less - OTC!,M,In If the Fur Fits - Trial,If The Fur Fits,,941010003631633,Dog,Mix,5/31/2022 12:00:00 AM,,,Y,6/12/2025 8:33 AM,6.00,,Trial,31.00 pound,No,,3,No,,,,,341
  If The Fur Fits,Avg. LOS: 58,30,A0058654173,HEATH,Dog,Whippet,7m 14d,Brown/Black,N,Y,Transfer In/Shelter out Coalit. (Not SPCA),M,In If the Fur Fits - Trial,If The Fur Fits,,900235000410760,Dog,Mix,11/4/2024 12:00:00 AM,,,Y,6/6/2025 10:34 AM,11.90,,Trial,19.80 pound,No,,1,No,,,,,341
  If The Fur Fits,Avg. LOS: 58,30,A0058662527,ANTHONY HOPKINS,Other,Satin,N/A,Black/,N,N,Stray/OTC,M,In If the Fur Fits - Trial,If The Fur Fits,,941010004234329,Rabbit,Mix,,,,Y,6/7/2025 1:24 PM,10.80,,Trial,4.90 pound,No,,3,No,,,,,341
  Large Dog Recovery,Avg. LOS: 48,2,A0058017236,BENTLEY,Dog,Hound,3y 3m 4d,Black/Tan,N,Y,Seized/Signed Over,M,In If the Fur Fits - Medical,Large Dog Recovery,,941010002869457,Dog,Mix,3/14/2022 12:00:00 AM,Tricolor/,,Y,3/14/2025 2:08 PM,95.80,,03,57.00 pound,No,,0,No,,,,,341
  Large Dog Recovery,Avg. LOS: 48,2,A0058726103,CHASE,Dog,"Terrier, Bull",2y 6m 1d,Tan/,N,N,Seized/Cruelty,M,Hold - Complaint,Large Dog Recovery,,982091074348735,Dog,Mix,12/17/2022 12:00:00 AM,,,N,6/17/2025 12:15 PM,0.80,Per 121,04,42.60 pound,No,,0,No,,,,,341
"  Multi-Animal Holding, Room 229",Avg. LOS: 18,6,A0058627436,HANS,Bird,Pigeon,N/A,Red/White,N,N,Stray/OTC,U,Hold - Doc,"Multi-Animal Holding, Room 229",HANS,,Domestic (Cage) Bird,,,,,N,6/3/2025 9:58 AM,15.00,,Multi Animal Holding,511.00 gram,No,,0,No,,,,,341
"  Multi-Animal Holding, Room 229",Avg. LOS: 18,6,A0058727432,,Other,GUINEA PIG,N/A,Red/Black,N,N,Stray/OTC,F,Hold - Stray,"Multi-Animal Holding, Room 229",,,Rodent,,,Tricolor/,,N,6/17/2025 1:39 PM,0.80,,Rabbitat 1,2.75 pound,No,,1,No,,,,,341
"  Multi-Animal Holding, Room 229",Avg. LOS: 18,6,A0058706705,,Other,Rex,N/A,Orange/Black,N,N,Stray/OTC,F,Hold - Stray,"Multi-Animal Holding, Room 229",MARINA,,Rabbit,Mix,,Tortoiseshell/,,N,6/13/2025 3:42 PM,4.70,,Rabbitat 2,4.80 pound,No,,1,No,,,,,341
"  Multi-Animal Holding, Room 229",Avg. LOS: 18,6,A0058472245,BERINGER,Cat,Siamese,3y 1m 6d,Seal/,N,N,Seized/Signed Over,M,Hold - Rescue,"Multi-Animal Holding, Room 229",,941010003003010,Cat,Mix,5/12/2022 12:00:00 AM,Point/,,Y,5/9/2025 6:16 PM,39.60,HOLD FOR FCF,Room 1,6.70 pound,No,,0,No,,,,,341
"  Multi-Animal Holding, Room 229",Avg. LOS: 18,6,A0058474036,APOSTROPHE,Cat,Domestic Longhair,11m 8d,Black/,N,N,Seized/Signed Over,F,Hold - Rescue,"Multi-Animal Holding, Room 229",,941010003731068,Cat,,7/10/2024 12:00:00 AM,,,Y,5/10/2025 11:39 AM,38.90,HOLD FOR FCF,Room 1,6.30 pound,No,,0,No,,,,,341
"  Multi-Animal Holding, Room 229",Avg. LOS: 18,6,A0058676024,,Other,"Turtle, Red Eared Slider",N/A,Brown/Green,N,N,Stray/Abandoned/Dumped Off at SPCA,F,PTS,"Multi-Animal Holding, Room 229",Tiffany,,Reptile/Amphibian,"Turtle, Red Eared Slider",,,,N,6/9/2025 7:58 AM,9.00,,Turtle Tank 1,191.00 gram,No,,0,No,,,,,341
  Offsite Adoptions,Avg. LOS: 7,5,A0058704458,Lucy,Cat,Domestic Shorthair,2y 29d,Grey/,N,Y,Owner/Guardian Surrender/Guardian Surrender - OTC!,F,Available,Offsite Adoptions,,941000027671978,Cat,,5/20/2023 12:00:00 AM,,,Y,6/13/2025 2:51 PM,4.80,,Petco Amherst,,No,,3,No,,,,,341
  Offsite Adoptions,Avg. LOS: 7,5,A0058670106,Mark,Cat,Domestic Shorthair,1y 9d,Black/White,N,N,Stray/OTC,M,Available,Offsite Adoptions,,941010004232105,Cat,Mix,6/9/2024 12:00:00 AM,,,Y,6/9/2025 12:45 PM,8.80,,Petsmart Amherst,9.75 pound,No,,3,No,,,,,341
  Offsite Adoptions,Avg. LOS: 7,5,A0058639397,Knight,Cat,Domestic Shorthair,4y 7m 23d,Brown/,N,Y,Owner/Guardian Surrender/Evaluation/Poss Adopt - OTC!,M,Hold - Adopted!,Offsite Adoptions,Midnight,941010002710344,Cat,Mix,10/26/2020 12:00:00 AM,Tabby/,,Y,6/5/2025 12:32 PM,12.80,,Petsmart Orchard Pk,13.00 pound,No,,3,No,,,,,341
  Offsite Adoptions,Avg. LOS: 7,5,A0058702289,Bat,Cat,Domestic Shorthair,2m 14d,Black/,N,N,Stray/No Hold,F,Available,Offsite Adoptions,,941010003026790,Cat,Mix,4/4/2025 12:00:00 AM,,,Y,6/13/2025 9:32 AM,5.00,,PetSuppliesPlus OP,2.90 pound,No,,3,No,,,,,341
  Offsite Adoptions,Avg. LOS: 7,5,A0058702290,Robin,Cat,Domestic Shorthair,2m 14d,Grey/,N,N,Stray/No Hold,M,Available,Offsite Adoptions,,941010002697573,Cat,Mix,4/4/2025 12:00:00 AM,,,Y,6/13/2025 9:32 AM,5.00,,PetSuppliesPlus OP,2.80 pound,No,,3,No,,,,,341
  Small Animals & Exotics,Avg. LOS: 15,7,A0058716766,,Bird,Parakeet (Budgie),N/A,White/Blue,N,N,Stray/OTC,M,Hold - Stray,Small Animals & Exotics,FOREST,,Domestic (Cage) Bird,,,,,N,6/16/2025 10:18 AM,1.90,,Bird Cage 1,45.00 gram,No,,1,No,,,,,341
  Small Animals & Exotics,Avg. LOS: 15,7,A0058571053,DAVID BOWIE,Other,GUINEA PIG,4m 25d,Brown/White,N,N,Stray/OTC,M,Available,Small Animals & Exotics,,,Rodent,,1/24/2025 12:00:00 AM,,,N,5/24/2025 2:46 PM,24.80,med cleared,Mammal 1,1.20 pound,No,,2,No,,,,,341
  Small Animals & Exotics,Avg. LOS: 15,7,A0058583637,NUTMEG,Other,RAT-DOMESTIC,N/A,Black/White,N,N,Stray/OTC,M,Available,Small Animals & Exotics,,,Rodent,,,,,N,5/27/2025 4:02 PM,21.70,,Mammal 3,580.00 gram,No,,3,No,,,,,341
  Small Animals & Exotics,Avg. LOS: 15,7,A0058571051,PIGGY STARDUST,Other,GUINEA PIG,4m 25d,Brown/White,N,N,Stray/OTC,M,Available,Small Animals & Exotics,,,Rodent,,1/24/2025 12:00:00 AM,,,N,5/24/2025 2:46 PM,24.80,,Mammal 4,15.50 ounce,No,,3,No,,,,,341
  Small Animals & Exotics,Avg. LOS: 15,7,A0058580905,LEROY,Other,"Gecko, Leopard Spotted",N/A,Yellow/Black,N,N,Stray/OTC,M,Available,Small Animals & Exotics,,,Reptile/Amphibian,,,,,N,5/27/2025 1:19 PM,21.80,,Reptiles 4,32.00 gram,No,,3,No,,,,,341
  Small Animals & Exotics,Avg. LOS: 15,7,A0058653404,Mustard,Other,RAT-DOMESTIC,N/A,White/Black,N,N,Owner/Guardian Surrender/Evaluation/Poss Adopt - OTC!,M,Available,Small Animals & Exotics,Boy 1,,Rodent,,,,,Y,6/12/2025 10:04 AM,5.90,,Small Animals & Exotics,432.00 gram,No,,1,No,,,,,341
  Small Animals & Exotics,Avg. LOS: 15,7,A0058653406,Ketchup,Other,RAT-DOMESTIC,N/A,White/Black,N,N,Owner/Guardian Surrender/Evaluation/Poss Adopt - OTC!,M,Available,Small Animals & Exotics,Boy 2,,Rodent,,,,,Y,6/12/2025 10:04 AM,5.90,,Small Animals & Exotics,440.00 gram,No,,1,No,,,,,341

