textbox3,textbox7,textbox12,textbox23,textbox10,textbox9,textbox11,textbox8
"Wednesday, August 6, 2025",All,All,True,All,All,All,All

Location,textbox39,textbox89,AnimalName,Species,PrimaryBreed,textbox90,PrimaryColour,Stage,ReviewDate,StageChangeReason,ARN,textbox61,textbox78,SecondaryBreed,Gender,SecondaryColour,textbox79,SubLocation,HoldReason,HorForName,HoldStartDate,HoldPlacedBy,textbox47
  Adoptions Lobby,10,A0058952074,Guinea Pig 1,Rodent,GUINEA PIG,,Tan,Hold - Doc,,,,,Small,,M,Brown,,Rabbitat 1,,,,,548
  Adoptions Lobby,10,A0058955493,Guinea Pig 2,Rodent,GUINEA PIG,,White,Hold - Doc,,,,,Small,,M,Brown,,Rabbitat 1,,,,,548
  Adoptions Lobby,10,A0058955564,G Pig 7,Rodent,GUINEA PIG,,Black,Hold - Doc,,,,,Small,,M,Orange,,Rabbitat 1,,,,,548
  Adoptions Lobby,10,A0058955613,G Pig 15,Rodent,GUINEA PIG,,White,Hold - Doc,,,,,Small,,M,Brown,,Rabbitat 1,,,,,548
  Adoptions Lobby,10,A0058955862,Hamster 10,Rodent,HAMSTER,,Black,Hold - Doc,,,,,Small,,F,White,,Rabbitat 2,,,,,548
  Adoptions Lobby,10,A0058955867,Hamster 12,Rodent,HAMSTER,,Black,Hold - Doc,,,,,Small,HAMSTER,F,White,,Rabbitat 2,,,,,548
  Adoptions Lobby,10,A0058955896,Hamster 17,Rodent,HAMSTER,,Black,Hold - Doc,,,,,Small,HAMSTER,F,White,,Rabbitat 2,,,,,548
  Adoptions Lobby,10,A0058955898,Hamster 18,Rodent,HAMSTER,,Black,Hold - Doc,,,,,Small,HAMSTER,F,White,,Rabbitat 2,,,,,548
  Adoptions Lobby,10,A0058956889,Hamster 20,Rodent,HAMSTER,,Black,Hold - Doc,,,,,Small,HAMSTER,F,White,,Rabbitat 2,,,,,548
  Adoptions Lobby,10,A0058956894,Hamster 21,Rodent,HAMSTER,,Black,Hold - Doc,,,,,Small,HAMSTER,F,White,,Rabbitat 2,,,,,548
"  Ash & Zak, Office #152",2,A0058955724,G Pig 37,Rodent,GUINEA PIG,,Brown,Hold - Doc,,,,,Small,GUINEA PIG,F,Tan,,"Ash & Zak, #152",,,,,548
"  Ash & Zak, Office #152",2,A0058955747,G Pig 42,Rodent,GUINEA PIG,,Tan,Hold - Doc,,,,,Small,GUINEA PIG,F,Brown,,"Ash & Zak, #152",,,,,548
  Cat Adoption Condo Rooms,26,A0038713655,TOFU,Cat,Domestic Shorthair,7y 4m 15d,Blue,Available - ITFF Medical,,,Titan,50.00,Small,,M,,,Condo F,,,,,548
  Cat Adoption Condo Rooms,26,A0046648430,KAYA,Cat,Domestic Shorthair,4y 10m 11d,Black,Available - ITFF Behavior,,,AVIANNA,120.00,Small,,F,,,Condo E,,,,,548
  Cat Adoption Condo Rooms,26,A0046648434,LEILANI,Cat,Domestic Shorthair,4y 9m 22d,Black,Available - ITFF Behavior,,,LEANI,120.00,Small,,F,White,,Condo E,,,,,548
  Cat Adoption Condo Rooms,26,A0057806699,Marble,Cat,Domestic Shorthair,2y 4m 24d,Black,Available - ITFF Behavior,,,Res,120.00,Small,,F,White,,Condo B,,,,,548
  Cat Adoption Condo Rooms,26,A0058213029,Ham,Rabbit,Rex,4m 8d,White,Hold - Surgery,,weaned from mom rabbit,,,Small,Mix,M,,,Rabbitat 1,,,,,548
  Cat Adoption Condo Rooms,26,A0058213035,Jam,Rabbit,Rex,4m 8d,White,Hold - Surgery,,weaned from mom rabbit,,0.00,Small,Mix,M,,,Rabbitat 1,,,,,548
  Cat Adoption Condo Rooms,26,A0058415888,PINTO,Cat,Domestic Shorthair,2y 3m 5d,Black,Available - ITFF Behavior,,,,120.00,Medium,,F,,,Condo B,,,,,548
  Cat Adoption Condo Rooms,26,A0058448688,Trivento,Cat,Domestic Longhair,2y 2m 30d,Black,Available - ITFF Behavior,,,38,0.00,Medium,,M,,,Condo B,,,,,548
  Cat Adoption Condo Rooms,26,A0058470388,DASHWOOD,Cat,Domestic Longhair,1y 2m 28d,Black,Available - ITFF Behavior,,,,0.00,Small,,F,,,Condo B,,,,,548
  Cat Adoption Condo Rooms,26,A0058626908,JENNIE,Cat,Domestic Shorthair,3y 2m 3d,Black,Available - ITFF Behavior,,,BLACK JENNIE,120.00,Small,,F,,,Meet & Greet 109B,,,,,548
  Cat Adoption Condo Rooms,26,A0058817102,Andromeda,Cat,Domestic Shorthair,2y 1m 7d,Black,Available - ITFF Behavior,,,,120.00,Small,,F,,,Condo C,,,,,548
  Cat Adoption Condo Rooms,26,A0058832844,GOMEZ,Cat,Domestic Shorthair,5y 1m 4d,Black,Available - ITFF Behavior,,,,0.00,Small,,M,,,Condo C,,,,,548
  Cat Adoption Condo Rooms,26,A0058832850,MORTICIA,Cat,Domestic Shorthair,5y 1m 4d,Black,Available - ITFF Behavior,,,,50.00,Small,,F,,,Condo C,,,,,548
  Cat Adoption Condo Rooms,26,A0058905758,Pugsly,Cat,Domestic Shorthair,2y 23d,Black,Available - ITFF Behavior,,,,120.00,Small,,M,,,Condo F,,,,,548
  Cat Adoption Condo Rooms,26,A0058922776,SHELDON,Cat,Domestic Shorthair,1y 21d,Black,Available - ITFF Behavior,,,,120.00,Small,,M,,,Condo F,,,,,548
  Cat Adoption Condo Rooms,26,A0058929074,TEDDY,Cat,Domestic Shorthair,2y 20d,Black,Available - ITFF Behavior,,,,120.00,Small,,M,,,Condo F,,,,,548
  Cat Adoption Condo Rooms,26,A0058937936,Link,Cat,Domestic Shorthair,2y 19d,Brown,Available,,,,120.00,Small,,M,Black,,Condo F,,,,,548
  Cat Adoption Condo Rooms,26,A0058948684,Tutti Frutti,Cat,Domestic Shorthair,4y 16d,Brown,Available,,,,120.00,Small,,F,White,,Condo A,,,,,548
  Cat Adoption Condo Rooms,26,A0058948717,Panda Paws,Cat,Domestic Shorthair,4y 16d,Brown,Available,,,,120.00,Small,,M,White,,Condo A,,,,,548
  Cat Adoption Condo Rooms,26,A0058948727,Cotton Candy,Cat,Domestic Shorthair,1y 16d,Brown,Available,,,,120.00,Small,,F,White,,Condo A,,,,,548
  Cat Adoption Condo Rooms,26,A0058948732,Parkerhouse,Cat,Domestic Shorthair,5y 16d,Black,Available,,,,50.00,Small,,M,White,,Condo A,,,,,548
  Cat Adoption Condo Rooms,26,A0058948747,Cinnamon Bun,Cat,Domestic Shorthair,3y 16d,Black,Available,,,,120.00,Small,,F,White,,Condo A,,,,,548
  Cat Adoption Condo Rooms,26,A0058948769,Cherry Garcia,Cat,Domestic Shorthair,3y 16d,Black,Hold - Possible Adoption,,,,120.00,Small,,M,White,,Condo A,,,,,548
  Cat Adoption Condo Rooms,26,A0058955700,G Pig 31,Rodent,GUINEA PIG,,Brown,Hold - Doc,,,,,Small,GUINEA PIG,F,Tan,,Rabbitat 2,,,,,548
  Cat Adoption Condo Rooms,26,A0058955706,G Pig 33,Rodent,GUINEA PIG,,White,Hold - Doc,,,,,Small,GUINEA PIG,F,Black,,Rabbitat 2,,,,,548
  Cat Adoption Condo Rooms,26,A0058955726,G Pig 38,Rodent,GUINEA PIG,,Brown,Hold - Doc,,,,,Small,GUINEA PIG,F,Tan,,Rabbitat 2,,,,,548
  Cat Adoption Room G,7,A0058577580,Flapjack,Cat,Domestic Shorthair,1y 2m 10d,Orange,Available - ITFF Medical,,,,120.00,Small,,M,White,,07,,,,,548
  Cat Adoption Room G,7,A0058874744,BUTTERSCOTCH,Cat,Domestic Shorthair,3m 28d,Black,Available,,,BUTTERSCOTCH,200.00,Small,,F,Orange,,08,,,,,548
  Cat Adoption Room G,7,A0058928244,SQUEAKY,Cat,Domestic Shorthair,13y 10m 30d,Grey,Available - ITFF Medical,,,,50.00,Small,,F,,,04,,,,,548
  Cat Adoption Room G,7,A0058954682,FIREMAN SAM,Cat,Domestic Shorthair,2m 22d,Blue,Available,,,,200.00,Small,,M,White,,01,,,,,548
  Cat Adoption Room G,7,A0058976690,PIP,Cat,Domestic Shorthair,8y 12d,Black,Available,,MED CLEAR- ON MEDS,,50.00,Small,,M,White,,02,,,,,548
  Cat Adoption Room G,7,A0058976698,SOPH,Cat,Domestic Shorthair,6y 12d,Brown,Available,,MED CLEAR- ON MEDS,,50.00,Small,,F,White,,02,,,,,548
  Cat Adoption Room G,7,A0058986561,Anita,Cat,Domestic Shorthair,1y 8d,Brown,Hold - Adopted!,,,,120.00,Small,,F,White,,03,,,,,548
  Cat Adoption Room H,7,A0058552576,Carburetor,Cat,Domestic Shorthair,4m 3d,Brown,Available,,,,200.00,Small,,F,,,05,,,,,548
  Cat Adoption Room H,7,A0058862316,RODRIGO,Cat,Domestic Longhair,5y 29d,Grey,Available - ITFF Medical,,,,50.00,Small,,M,,,04,,,,,548
  Cat Adoption Room H,7,A0058949644,TILTAWHIRL,Cat,Domestic Shorthair,3y 16d,Brown,Available,,,,0.00,Small,,M,White,,08,,,,,548
  Cat Adoption Room H,7,A0058965108,FAWN,Cat,Domestic Longhair,3m 9d,Brown,Available,,MED CLEAR- ON MEDS,,200.00,Small,,M,,,01,,,,,548
  Cat Adoption Room H,7,A0059017419,Baby Boo,Cat,Domestic Shorthair,5y 6d,Orange,Available - ITFF Behavior,,,,50.00,Small,,F,Black,,02,,,,,548
  Cat Adoption Room H,7,A0059042651,DARREN,Cat,Domestic Shorthair,3m 2d,Blue,Available,,,,200.00,Small,,M,,,07,,,,,548
  Cat Adoption Room H,7,A0059042657,AMANA,Cat,Domestic Shorthair,3m 2d,Black,Hold - Behavior Mod.,,med clear for adoption,,,Small,,F,White,,07,,,,,548
  Cat Behavior Room I,2,A0058763319,KIRK,Cat,Domestic Shorthair,4y 1m 14d,Grey,Available - ITFF Behavior,,,,120.00,Small,,M,White,,04,,,,,548
  Cat Behavior Room I,2,A0058971658,CHEERIO,Cat,Domestic Longhair,2y 13d,Orange,Available - ITFF Behavior,,,,120.00,Small,,M,,,05,,,,,548
  Cat Isolation 231,4,A0059038318,,Cat,Domestic Shorthair,2m 2d,Orange,Pending Foster Pickup,,,,,Small,Mix,M,White,,Cage 2,,,,,548
  Cat Isolation 231,4,A0059038323,,Cat,Domestic Shorthair,2m 2d,Grey,Pending Foster Pickup,,,,,Small,Mix,F,,,Cage 2,,,,,548
  Cat Isolation 231,4,A0059038375,,Cat,Domestic Shorthair,5y 2d,Orange,Hold - Stray,8/8/2025 12:00 AM,,GOLDILOCKS,,Small,,F,White,,Cage 1,,,,,548
  Cat Isolation 231,4,A0059046741,,Cat,Domestic Shorthair,10m 1d,Orange,Hold - Stray,8/9/2025 12:01 AM,,Sherbert,,Small,,M,White,,Cage 5,,,,,548
  Cat Isolation 234,3,A0058929019,TAYLOR,Cat,Domestic Shorthair,3y 20d,Brown,Hold - Doc,8/7/2025 12:00 AM,DOC RECHECK,,,Small,,F,,,Cage 5,,,,,548
  Cat Isolation 234,3,A0058929038,MILA,Cat,Domestic Shorthair,5y 20d,Brown,Hold - Doc,8/7/2025 12:00 AM,DOC RECHECK,Milo,,Small,,F,Orange,,Cage 5,,,,,548
  Cat Isolation 234,3,A0058959677,Church,Cat,Domestic Shorthair,5m 5d,Blue,Hold - Behavior Mod.,,CARY TO EVAL,,,Small,,M,,,Cage 2,,,,,548
  Cat Recovery,6,A0058719464,,Cat,Domestic Shorthair,2m 18d,Grey,Hold - Surgery,,,,,Small,Mix,F,,,15,,,,,548
  Cat Recovery,6,A0058719477,,Cat,Domestic Shorthair,2m 18d,Black,Hold - Surgery,,,,,Small,,F,,,15,,,,,548
  Cat Recovery,6,A0058719482,,Cat,Domestic Shorthair,2m 18d,Grey,Hold - Surgery,,,,,Small,Mix,F,,,15,,,,,548
  Cat Recovery,6,A0058719488,,Cat,Domestic Shorthair,2m 18d,Grey,Hold - Surgery,,,,,Small,Mix,M,,,15,,,,,548
  Cat Recovery,6,A0058736662,,Cat,Domestic Shorthair,2m 16d,Brown,Hold - Surgery,,,,,Small,Mix,F,,,09,,,,,548
  Cat Recovery,6,A0059019239,HANNAH,Cat,Domestic Shorthair,1y 5d,Blue,Hold - Rescue,,,,,Small,,F,White,,17,,,,,548
  Cat Treatment,12,A0058636096,Luka,Cat,Domestic Shorthair,2m 30d,Black,Hold - Doc,7/25/2025 9:31 AM,DOC RECHECK,,,Small,,M,,,03 - B,,,,,548
  Cat Treatment,12,A0058959452,Baby Jaguar,Cat,Domestic Shorthair,1m 5d,Brown,Hold - Foster,,,PEANUT,,Small,Mix,F,,,A,,,,,548
  Cat Treatment,12,A0058992634,,Cat,Domestic Shorthair,1m 7d,Black,Hold - Foster,,,,,Small,Mix,F,Orange,,A,,,,,548
  Cat Treatment,12,A0059003765,CREPE,Cat,Domestic Shorthair,1m 5d,Grey,Hold - Foster,,,,,Small,Mix,M,White,,B,,,,,548
  Cat Treatment,12,A0059003767,PANCAKE,Cat,Domestic Shorthair,1m 5d,Black,Hold - Foster,,,,,Small,Mix,F,White,,B,,,,,548
  Cat Treatment,12,A0059003770,WAFFLE,Cat,Domestic Shorthair,1m 5d,Black,Hold - Foster,,,,,Small,Mix,F,White,,B,,,,,548
  Cat Treatment,12,A0059010853,,Cat,Domestic Shorthair,1m 12d,Black,Hold - Foster,,cuterebra wound,,,Small,Mix,M,,,01 - A,,,,,548
  Cat Treatment,12,A0059010863,,Cat,Domestic Shorthair,1m 12d,Black,Hold - Foster,,,,,Small,Mix,F,White,,01 - A,,,,,548
  Cat Treatment,12,A0059016877,Nancy,Cat,Domestic Longhair,2y 6d,Blue,Hold - Doc,,recheck Tuesday,Oreo,,Small,Mix,F,White,,06 - B,,,,,548
  Cat Treatment,12,A0059033751,KIERNAN,Cat,Domestic Shorthair,1m 23d,Grey,Pending Foster Pickup,,,,,Small,Mix,M,,,05 - B,,,,,548
  Cat Treatment,12,A0059041268,Daryll,Cat,Domestic Shorthair,2m 2d,White,Hold - Doc,,,,,Small,Mix,M,Black,,E,,,,,548
  Cat Treatment,12,A0059046340,COSMO,Cat,Domestic Shorthair,1m 20d,Grey,Hold - Doc,8/8/2025 2:45 PM,TECH RECHECK 8/8,,,Small,Mix,M,,,01 - B,,,,,548
  Dental Area,1,A0059008524,,Mammal,Ferret,,Buff,Hold - Foster,,okay for regular foster,,,Small,Ferret,M,Black,,Incubator,,,,,548
  Dog Adoptions A,12,A0058639325,Benji,Dog,"Mixed Breed, Large (over 44 lbs fully grown)",10y 2m 2d,Tan,Available - Doggie Entourage,,,,100.00,Large,Mix,M,,,08,,,,,548
  Dog Adoptions A,12,A0058981285,Livia,Dog,"Terrier, Pit Bull",9y 29d,Black,Hold - Surgery,,needs spay/dental,,,Large,Mix,F,White,,06,,,,,548
  Dog Adoptions A,12,A0058981296,Brody,Dog,"Terrier, Pit Bull",2y 3m 13d,Brown,Hold - Behavior Mod.,,MED CLEAR,,,Medium,Mix,M,White,,09,,,,,548
  Dog Adoptions A,12,A0058999730,River,Dog,"Mixed Breed, Large (over 44 lbs fully grown)",2m 8d,Tan,Hold - Foster,,,,,Small,Mix,F,White,,03,,,,,548
  Dog Adoptions A,12,A0058999734,Sky,Dog,"Mixed Breed, Large (over 44 lbs fully grown)",2m 8d,Brown,Hold - Foster,,,,,Small,Mix,M,White,,02,,,,,548
  Dog Adoptions A,12,A0058999744,Pebble,Dog,"Mixed Breed, Large (over 44 lbs fully grown)",2m 8d,Black,Hold - Foster,,,,,Small,Mix,M,White,,04,,,,,548
  Dog Adoptions A,12,A0058999746,Ocean,Dog,"Mixed Breed, Large (over 44 lbs fully grown)",2m 8d,Tan,Hold - Foster,,,,,Small,Mix,F,White,,03,,,,,548
  Dog Adoptions A,12,A0058999750,Lake,Dog,"Mixed Breed, Large (over 44 lbs fully grown)",2m 8d,Brown,Hold - Foster,,,,,Small,Mix,M,White,,04,,,,,548
  Dog Adoptions A,12,A0058999754,Rain,Dog,"Mixed Breed, Large (over 44 lbs fully grown)",2m 8d,Black,Hold - Foster,,,,,Small,Mix,M,White,,04,,,,,548
  Dog Adoptions A,12,A0059043156,Shaggy,Dog,"Chihuahua, Short Coat",6y 2d,Black,Hold - Complaint,,,,,Small,Mix,M,White,,07,,,,,548
  Dog Adoptions A,12,A0059043163,Papi,Dog,"Mixed Breed, Small (under 24 lbs fully grown)",7y 2d,Tan,Hold - Complaint,,,,,Small,Mix,M,White,,07,,,,,548
  Dog Adoptions A,12,A0059047263,,Dog,"Mixed Breed, Large (over 44 lbs fully grown)",1y 1d,Brown,Hold - Legal Notice,8/11/2025 12:01 AM,,,,Large,Mix,F,White,,05,,,,,548
  Dog Adoptions B,7,A0056617154,CE-CE,Dog,"Mixed Breed, Large (over 44 lbs fully grown)",1y 10m 15d,Black,Available - ITFF Behavior,,medically cleared,,250.00,Medium,Mix,F,White,,09,,,,,548
  Dog Adoptions B,7,A0058903460,Huey,Dog,"Mixed Breed, Large (over 44 lbs fully grown)",2y 23d,White,Available,,,ghost,250.00,Large,Mix,M,,,08,,,,,548
  Dog Adoptions B,7,A0058955277,Karma,Dog,"Mixed Breed, Medium (up to 44 lbs fully grown)",1y 8m 4d,Black,Available,,,,250.00,Medium,Mix,F,White,,05,,,,,548
  Dog Adoptions B,7,A0058981307,Polly,Dog,"Terrier, Pit Bull",1y 8m 0d,Tan,Available,,,TIPSY,250.00,Medium,Mix,F,White,,07,,,,,548
  Dog Adoptions B,7,A0059007995,Bandit,Dog,"Mixed Breed, Small (under 24 lbs fully grown)",9y 7d,Tan,Hold - Possible Adoption,,,,250.00,Small,Mix,M,,,03,,,,,548
  Dog Adoptions B,7,A0059007997,Max,Dog,"Mixed Breed, Small (under 24 lbs fully grown)",8y 7d,Tan,Hold - Possible Adoption,,,,250.00,Small,Mix,M,,,03,,,,,548
  Dog Adoptions B,7,A0059033852,Coco,Dog,"Mixed Breed, Small (under 24 lbs fully grown)",1y 4d,White,Hold - Meet and Greet,8/8/2025 12:17 PM,,,400.00,Small,Mix,F,,,01,,,,,548
  Dog Adoptions C,5,A0058622481,Gordie,Dog,"Mixed Breed, Large (over 44 lbs fully grown)",7y 7m 26d,Fawn,Available,,,Goldie,250.00,Medium,Mix,M,,,08,,,,,548
  Dog Adoptions C,5,A0058811083,MAJOR,Dog,"Mixed Breed, Large (over 44 lbs fully grown)",13y 1m 5d,Brown,Available,,,,100.00,Large,Mix,M,White,,05,,,,,548
  Dog Adoptions C,5,A0058811207,DYA,Dog,"Mixed Breed, Large (over 44 lbs fully grown)",10y 1m 7d,Tan,Hold - Meet and Greet,,medically cleared,Kelda/ DIAMOND,,Large,Mix,F,White,,09,,,,,548
  Dog Adoptions C,5,A0058981727,Raven,Dog,"Mixed Breed, Medium (up to 44 lbs fully grown)",2m 21d,Black,Available - ITFF Medical,,,BERNADETTE,450.00,Small,Mix,F,White,,01,,,,,548
  Dog Adoptions C,5,A0058999758,Willow,Dog,"Mixed Breed, Large (over 44 lbs fully grown)",2y 8d,Black,Available,,,,250.00,Medium,Mix,F,White,,04,,,,,548
  Dog Adoptions D,8,A0055535513,PAISLEE,Dog,"Mixed Breed, Large (over 44 lbs fully grown)",5y 4m 19d,White,Available,,,PIPER,250.00,Large,Mix,F,Brown,,05,,,,,548
  Dog Adoptions D,8,A0058792719,Queenie,Dog,Beagle,3y 1m 9d,Black,Available,,,,250.00,Small,Mix,F,White,,06,,,,,548
  Dog Adoptions D,8,A0058792732,PEANUT,Dog,Beagle,3y 1m 9d,Black,Available,,,,250.00,Small,Mix,M,White,,06,,,,,548
  Dog Adoptions D,8,A0058804353,Pete Davis,Dog,"Mixed Breed, Large (over 44 lbs fully grown)",11m 9d,Black,Available,,,Puppy,400.00,Large,Mix,M,White,,08,,,,,548
  Dog Adoptions D,8,A0058959672,Remy,Dog,"Mixed Breed, Large (over 44 lbs fully grown)",5y 15d,Blue,Available,,,,250.00,Large,Mix,M,White,,10,,,,,548
  Dog Adoptions D,8,A0059007999,Clementine,Dog,"Mixed Breed, Large (over 44 lbs fully grown)",1y 7d,White,Available,,,,400.00,Large,Mix,F,Brindle,,07,,,,,548
  Dog Adoptions D,8,A0059011832,Oreo,Dog,"Mixed Breed, Large (over 44 lbs fully grown)",2y 1d,Black,Available,,,,250.00,Large,Mix,M,White,,09,,,,,548
  Dog Adoptions D,8,A0059029705,Rice Cake,Dog,"Mixed Breed, Small (under 24 lbs fully grown)",3y 5d,Sable,Available,,,,250.00,Small,Mix,F,,,04,,,,,548
  Dog Holding E,12,A0056168108,SNOOPY,Dog,"Terrier, American Pit Bull",1y 6m 19d,White,Evaluate,,,,,Medium,Mix,M,Black,,06,,,,,548
  Dog Holding E,12,A0056174456,TIGOR,Dog,"Terrier, American Pit Bull",1y 6m 29d,Brindle,Evaluate,,,,,Medium,Mix,M,,,10,,,,,548
  Dog Holding E,12,A0058834486,Katniss,Dog,Bulldog,,Fawn,Hold - Cruelty Foster,,,,,Medium,Mix,F,White,,11,,,,,548
  Dog Holding E,12,A0058917898,Zeus,Dog,"Mixed Breed, Large (over 44 lbs fully grown)",1y 21d,Tan,Hold - Behavior Mod.,,would like to intro to new ppl,,,Large,Mix,M,Black,,12,,,,,548
  Dog Holding E,12,A0058967991,Banga,Dog,"Mixed Breed, Large (over 44 lbs fully grown)",5y 14d,White,Hold - Surgery,,,,,Large,Mix,M,Grey,,07,,,,,548
  Dog Holding E,12,A0058997267,LITTLE BIT,Dog,"Mixed Breed, Large (over 44 lbs fully grown)",1y 9d,Grey,Hold - Behavior Mod.,,behavior before medical,,,Medium,Mix,F,,,08,,,,,548
  Dog Holding E,12,A0058997270,FALCOR,Dog,"Mixed Breed, Large (over 44 lbs fully grown)",1y 9d,Grey,Hold - Behavior Mod.,,behavior before medical,,,Large,Mix,F,,,09,,,,,548
  Dog Holding E,12,A0058999677,Birdie,Dog,"Mixed Breed, Large (over 44 lbs fully grown)",2m 8d,Black,Pending Foster Pickup,,,,,Small,Mix,F,,,03,,,,,548
  Dog Holding E,12,A0058999683,Bean,Dog,"Mixed Breed, Large (over 44 lbs fully grown)",2m 8d,Tan,Pending Foster Pickup,,,,,Small,Mix,M,White,,03,,,,,548
  Dog Holding E,12,A0058999689,Pinto,Dog,"Mixed Breed, Large (over 44 lbs fully grown)",2m 8d,Cream,Pending Foster Pickup,,,,,Small,Mix,M,White,,03,,,,,548
  Dog Holding E,12,A0058999777,Rex,Dog,"Mixed Breed, Medium (up to 44 lbs fully grown)",8m 9d,Tan,Hold - Behavior Mod.,,needs more time before adopt,,,Medium,Mix,M,White,,02,,,,,548
  Dog Holding E,12,A0059013434,Zeus,Dog,"Mixed Breed, Large (over 44 lbs fully grown)",1y 6m 29d,Black,Evaluate,,,,,Large,Mix,M,,,04,,,,,548
  Dog Holding F,18,A0039918688,Casidine,Dog,"Chihuahua, Short Coat",8y 9m 17d,White,Hold - Surgery,,NEEDS CYSTOTOMY,Thomas,200.00,Small,Mix,M,Tan,,03,,,,,548
  Dog Holding F,18,A0058605268,Pickley,Dog,"Poodle, Standard",4y 2m 7d,Black,Hold – SAFE Foster,7/29/2025 12:00 AM,DOC CHECK EYES 6/3,,,Large,Mix,M,,,07,,,,,548
  Dog Holding F,18,A0058716736,PIPER,Dog,"Mixed Breed, Medium (up to 44 lbs fully grown)",4y 1m 20d,Brown,Hold - Behavior,,,,250.00,Medium,Mix,F,White,,06,,,,,548
  Dog Holding F,18,A0058834563,Glow,Dog,Bulldog,1y 7m 3d,Fawn,Hold – SAFE Foster,,,,,Medium,Mix,F,White,,02,,,,,548
  Dog Holding F,18,A0058849570,Bruno,Dog,"Mixed Breed, Large (over 44 lbs fully grown)",6m 1d,White,Hold - Surgery,,for weight gain,,,Large,Mix,M,Brown,,10,,,,,548
  Dog Holding F,18,A0058910423,ZOE,Dog,"Mixed Breed, Large (over 44 lbs fully grown)",4y 22d,Tan,Hold - Doc,,Weight gain,,,Large,Mix,F,White,,08,,,,,548
  Dog Holding F,18,A0058957641,Axel,Dog,"Mixed Breed, Large (over 44 lbs fully grown)",5y 15d,Black,PTS,,,,,Large,Mix,M,Tan,,11,,,,,548
  Dog Holding F,18,A0058988867,Evelyn,Dog,"Mixed Breed, Large (over 44 lbs fully grown)",3y 11d,Black,Hold - Doc,,,,,Extra Large,Mix,F,Tan,,01,,,,,548
  Dog Holding F,18,A0059033140,,Dog,"Terrier, American Staffordshire",2m 4d,Grey,Hold - Complaint,8/9/2025 2:33 PM,,KAYLEI,,Small,Mix,F,White,,05,,,,,548
  Dog Holding F,18,A0059054823,,Dog,Mastiff,4y 0d,Tan,Hold - Legal Notice,8/12/2025 10:48 AM,,,,Large,Boerboel,F,Black,,12,,,,,548
  Dog Holding F,18,A0059054832,,Dog,Mastiff,1m 12d,Tan,Hold - Legal Notice,8/12/2025 10:48 AM,,,,Small,Mix,F,Black,,12,,,,,548
  Dog Holding F,18,A0059054844,,Dog,Mastiff,1m 12d,Black,Hold - Legal Notice,8/12/2025 10:48 AM,,,,Small,Mix,M,Tan,,12,,,,,548
  Dog Holding F,18,A0059054847,,Dog,Mastiff,1m 12d,Blue,Hold - Legal Notice,8/12/2025 10:48 AM,,,,Small,Mix,M,Tan,,12,,,,,548
  Dog Holding F,18,A0059054848,,Dog,Mastiff,1m 12d,Tan,Hold - Legal Notice,8/12/2025 10:48 AM,,,,Small,Mix,F,Black,,12,,,,,548
  Dog Holding F,18,A0059054851,,Dog,Mastiff,1m 12d,Tan,Hold - Legal Notice,8/12/2025 10:48 AM,,,,Small,Mix,M,Black,,12,,,,,548
  Dog Holding F,18,A0059054857,,Dog,Mastiff,1m 12d,Black,Hold - Legal Notice,8/12/2025 10:48 AM,,,,Small,Mix,F,Tan,,12,,,,,548
  Dog Holding F,18,A0059054864,,Dog,Mastiff,1m 12d,Tan,Hold - Legal Notice,8/12/2025 10:48 AM,,,,Small,Mix,M,,,12,,,,,548
  Dog Holding F,18,A0059054867,,Dog,Mastiff,1m 12d,Tan,Hold - Legal Notice,8/12/2025 10:48 AM,,,,Small,Mix,F,,,12,,,,,548
  Farm,21,A0000782604,Xylord,Mini Horse,Miniature Horse,32y 2m 5d,Black,Permanent Resident,,,,,Small,,M,White,,Stall #5,,,,,548
  Farm,21,A0036675257,Brooster,Farm Type Fowl,Chicken,8y 4m 5d,Rust,Permanent Resident,,,,,Large,,M,Black,,Stall #1,,,,,548
  Farm,21,A0038590512,Lady Marmalade,Farm Type Fowl,Chicken,7y 3m 17d,Apricot,Permanent Resident,,,,,Medium,,F,White,,Stall #1,,,,,548
  Farm,21,A0041015190,Frenchy,Farm Type Fowl,Chicken,,Black,Permanent Resident,,,,,Medium,,F,White,,Stall #1,,,,,548
  Farm,21,A0054810701,Itty Bitty Betty,Farm Type Fowl,Chicken,,Black,Permanent Resident,,,,,Small,,F,,,Stall #1,,,,,548
  Farm,21,A0054953161,Bonnie,Goat,Nubian,,Brown,Permanent Resident,,S/O Cleared For Dispo,Garage 18,,Large,Boer,F,White,,Stall #2,,,,,548
  Farm,21,A0054953163,Clara,Goat,Boer,1y 10m 22d,White,Permanent Resident,,,Garage 19,,Large,Nubian,F,Black,,Stall #2,,,,,548
  Farm,21,A0054953947,Iris,Farm Type Fowl,Chicken,,Lavender,Permanent Resident,,Clear for dispo- Signed Over 8,Garage 138,,Large,,F,,,Stall #1,,,,,548
  Farm,21,A0057300395,"Emerson ""Emmy""",Farm Type Fowl,Chicken,1y 8m 11d,White,Permanent Resident,,,,,Small,,F,Cream,,Stall #1,,,,,548
  Farm,21,A0058648104,Duck Vader,Farm Type Fowl,Duck,,Black,In Foster to Adopt,7/14/2025 12:00 AM,,,,Small,,U,,,Foster Farm,,,,,548
  Farm,21,A0058653310,Quack Efron,Farm Type Fowl,Duck,,Brown,In Foster to Adopt,7/14/2025 12:00 AM,,,,Small,,U,,,Foster Farm,,,,,548
  Farm,21,A0058744079,Luna,Donkey,Miniature Donkey,15y 1m 18d,Grey,Hold - Doc,,,Penelope,,Large,Miniature Donkey,F,White,,Stall #2,,,,,548
  Farm,21,A0058942685,Little Foot,Farm Type Fowl,Duck,29d,Yellow,In Foster to Adopt,7/25/2025 9:32 AM,,,10.00,Small,,U,Brown,,Foster Farm,,,,,548
  Farm,21,A0058945479,Pineapple,Farm Type Fowl,Duck,24d,Yellow,In Foster to Adopt,,,,10.00,Small,,U,,,Foster Farm,,,,,548
  Farm,21,A0058972687,KAHLUA,Miniature Pig,Kune Kune Mini-pig,1y 13d,Black,Evaluate,,,,,Extra Large,,F,,,Stall #6,,,,,548
  Farm,21,A0058985403,Duck Tracy,Farm Type Fowl,Duck,2y 10d,Brown,Evaluate,,,,,Large,Duck,M,,,Stall #3,,,,,548
  Farm,21,A0058985404,Duke Of Duckingham,Farm Type Fowl,Duck,2y 10d,Brown,Evaluate,,,,,Large,Duck,M,,,Stall #3,,,,,548
  Farm,21,A0058985405,Quackie Chan,Farm Type Fowl,Duck,2y 10d,Brown,Evaluate,,,,,Large,Duck,M,,,Stall #3,,,,,548
  Farm,21,A0058995198,,Farm Type Fowl,Goose,,White,Evaluate,,,,,Small,,U,,8/2/2025 12:01 AM,Stall #3,,,,,548
  Farm,21,A0059024880,,Farm Type Fowl,Chicken,,Buff,Hold - Legal Notice,8/8/2025 12:01 AM,,,,Medium,Chicken,F,Grey,,Outer Bird Run #2,,,,,548
  Farm,21,A0059024884,,Farm Type Fowl,Chicken,,Red,Hold - Legal Notice,8/8/2025 12:01 AM,,,,Medium,Chicken,F,,,Outer Bird Run #2,,,,,548
  Feature Room 2,1,A0054196266,WENDELL,Cat,Domestic Shorthair,1y 11m 15d,Brown,Available - ITFF Behavior,,,,120.00,Small,,M,,,Feature Room 2,,,,,548
  Foster Care Room,27,A0058904179,Atlas,Cat,Domestic Shorthair,2m 18d,Orange,Hold - Surgery,,,,,Small,,M,White,,01,,,,,548
  Foster Care Room,27,A0058972965,ALEXA,Cat,Domestic Shorthair,2y 13d,White,Hold - Foster,,,,,Small,,F,,,08,,,,,548
  Foster Care Room,27,A0058972970,,Cat,Domestic Shorthair,1m 11d,White,Pending Foster Pickup,,,,,Small,Mix,F,Orange,,08,,,,,548
  Foster Care Room,27,A0058972982,,Cat,Domestic Shorthair,1m 11d,White,Pending Foster Pickup,,,,,Small,Mix,F,Orange,,08,,,,,548
  Foster Care Room,27,A0058972994,,Cat,Domestic Shorthair,1m 11d,White,Pending Foster Pickup,,,,,Small,Mix,M,,,08,,,,,548
  Foster Care Room,27,A0058973012,,Cat,Domestic Shorthair,1m 11d,White,Pending Foster Pickup,,,,,Small,Mix,M,Black,,08,,,,,548
  Foster Care Room,27,A0058973036,,Cat,Domestic Shorthair,1m 11d,White,Pending Foster Pickup,,,,,Small,Mix,F,,,08,,,,,548
  Foster Care Room,27,A0058983772,SHIRLEY,Cat,Domestic Longhair,2y 10d,Brown,Hold - Foster,,,,,Small,,F,,,04,,,,,548
  Foster Care Room,27,A0058983789,,Cat,Domestic Shorthair,12d,Brown,Hold - Foster,,,,,Small,Mix,F,Black,,04,,,,,548
  Foster Care Room,27,A0058983802,,Cat,Domestic Shorthair,12d,Brown,Hold - Foster,,,,,Small,Mix,M,Black,,04,,,,,548
  Foster Care Room,27,A0058983806,,Cat,Domestic Shorthair,12d,Brown,Hold - Foster,,,,,Small,Mix,F,Black,,04,,,,,548
  Foster Care Room,27,A0058983813,,Cat,Domestic Shorthair,12d,Grey,Hold - Foster,,,,,Small,Mix,M,,,04,,,,,548
  Foster Care Room,27,A0058994363,,Cat,Domestic Shorthair,1m 9d,Black,Hold - Foster,,,,,Medium,Mix,F,White,,06,,,,,548
  Foster Care Room,27,A0058994442,BUBBLES,Cat,Domestic Shorthair,1y 9d,White,Hold - Foster,,,,,Medium,,F,Black,,06,,,,,548
  Foster Care Room,27,A0058994460,,Cat,Domestic Shorthair,1m 9d,Black,Hold - Foster,,,,,Medium,Mix,M,White,,06,,,,,548
  Foster Care Room,27,A0058994462,,Cat,Domestic Shorthair,1m 9d,Blue,Hold - Foster,,,,,Medium,Mix,M,,,06,,,,,548
  Foster Care Room,27,A0059032130,,Cat,Domestic Shorthair,1m 1d,Blue,Hold - Foster,,WAITING ON FELK PCR FOR MOM,,,Small,Mix,M,,,02,,,,,548
  Foster Care Room,27,A0059032137,,Cat,Domestic Shorthair,1m 1d,Grey,Hold - Foster,,WAITING ON FELK PCR FOR MOM,,0.00,Small,Mix,M,,,02,,,,,548
  Foster Care Room,27,A0059032143,,Cat,Domestic Shorthair,1m 1d,Black,Hold - Foster,,WAITING ON FELK PCR FOR MOM,,0.00,Small,Mix,F,,,02,,,,,548
  Foster Care Room,27,A0059032150,LORETTA,Cat,Domestic Shorthair,1y 6m 4d,Black,Hold - Doc,,FeLV QuantReal PCR pending,,0.00,Small,,F,,,02,,,,,548
  Foster Care Room,27,A0059048669,BRISTOL,Cat,Domestic Shorthair,4y 1d,White,Pending Foster Pickup,,Nursing 6 kittens,,,Small,,F,Orange,,07,,,,,548
  Foster Care Room,27,A0059048785,,Cat,Domestic Shorthair,8d,Orange,Pending Foster Pickup,,Needs foster,,,Small,Mix,U,Grey,,07,,,,,548
  Foster Care Room,27,A0059048793,,Cat,Domestic Shorthair,8d,Orange,Pending Foster Pickup,,Needs foster,,0.00,Small,Mix,U,,,07,,,,,548
  Foster Care Room,27,A0059048808,,Cat,Domestic Shorthair,8d,Brown,Pending Foster Pickup,,Needs foster,,0.00,Small,Mix,U,,,07,,,,,548
  Foster Care Room,27,A0059048810,,Cat,Domestic Shorthair,8d,White,Pending Foster Pickup,,Needs foster,,0.00,Small,Mix,U,Black,,07,,,,,548
  Foster Care Room,27,A0059048816,,Cat,Domestic Shorthair,8d,Brown,Pending Foster Pickup,,Needs foster,,0.00,Small,Mix,U,,,07,,,,,548
  Foster Care Room,27,A0059048819,,Cat,Domestic Shorthair,8d,Brown,Pending Foster Pickup,,Needs foster,,0.00,Small,Mix,U,,,07,,,,,548
  Foster Home,243,A0046861476,Brooklyn,Rabbit,American,,Silver,Permanent Resident,,medically cleared,Lunar,60.00,Small,Mix,M,,,Foster Home,,,,,548
  Foster Home,243,A0046861487,Broadway,Rabbit,American,,Sable,Permanent Resident,,medically cleared,Morgan,60.00,Small,Mix,M,,,Foster Home,,,,,548
  Foster Home,243,A0047809430,Bella,Cat,Domestic Shorthair,4y 4m 20d,Orange,In SAFE Foster,,CLEARED FOR ADOPTION,Winny,175.00,Small,,F,White,,Foster Home,,,,,548
  Foster Home,243,A0052669181,Alex Wolff,Rodent,CHINCHILLA,,Grey,Permanent Resident,,,,75.00,Small,,M,,,Foster Home,,,,,548
  Foster Home,243,A0052669183,Ernie,Rodent,CHINCHILLA,,Grey,Permanent Resident,,,Nat Wolff,75.00,Small,,M,,,Foster Home,,,,,548
  Foster Home,243,A0057996204,ANGELO,Cat,Domestic Shorthair,2y 10m 27d,White,In SAFE Foster,,,,,Small,,M,Brown,,Foster Home,,,,,548
  Foster Home,243,A0057996215,LUNA,Cat,Domestic Longhair,4y 10m 27d,Black,In SAFE Foster,,SAFE Foster,,,Small,,F,White,,Foster Home,,,,,548
  Foster Home,243,A0058058096,,Rodent,RAT-DOMESTIC,4m 23d,White,In Foster,,,,,Small,RAT-DOMESTIC,U,,,Foster Home,,,,,548
  Foster Home,243,A0058058107,,Rodent,RAT-DOMESTIC,4m 23d,White,In Foster,,,,,Small,RAT-DOMESTIC,U,,,Foster Home,,,,,548
  Foster Home,243,A0058058111,,Rodent,RAT-DOMESTIC,4m 23d,White,In Foster,,,,,Small,RAT-DOMESTIC,U,,,Foster Home,,,,,548
  Foster Home,243,A0058212975,Gilbert,Rabbit,Florida White,4m 8d,White,In Foster,,,Bunny 2,,Small,Satin,M,,,Foster Home,,,,,548
  Foster Home,243,A0058212978,Bunny 1,Rabbit,Florida White,4m 8d,White,In Foster,,returned from FC,,,Small,Satin,M,,,Foster Home,,,,,548
  Foster Home,243,A0058212979,Glacier,Rabbit,Florida White,4m 8d,White,In Foster,,returned from FC,,,Small,Satin,F,,,Foster Home,,,,,548
  Foster Home,243,A0058212981,Apple,Rabbit,Florida White,4m 8d,White,In Foster,,returned from FC,,0.00,Small,Satin,F,,,Foster Home,,,,,548
  Foster Home,243,A0058212982,Cloudy,Rabbit,Florida White,4m 8d,White,In Foster,,returned from FC,,,Small,Satin,F,,,Foster Home,,,,,548
  Foster Home,243,A0058212985,Bunny 5,Rabbit,Florida White,4m 8d,White,In Foster,,,,,Small,Satin,M,,,Foster Home,,,,,548
  Foster Home,243,A0058213031,Heather,Rabbit,Rex,4m 8d,White,In Foster,,,,0.00,Small,Mix,F,,,Foster Home,,,,,548
  Foster Home,243,A0058213033,Rabbit 4,Rabbit,Rex,4m 8d,White,In Foster,,weaned from mom rabbit,,0.00,Small,Mix,M,,,Foster Home,,,,,548
  Foster Home,243,A0058213036,Cinnamon,Rabbit,Rex,4m 8d,Buff,In Foster,,,,0.00,Small,Mix,F,,,Foster Home,,,,,548
  Foster Home,243,A0058259159,MOLLY,Cat,Domestic Shorthair,6y 3m 20d,Grey,In SAFE Foster,,,,,Small,,F,White,,Foster Home,,,,,548
  Foster Home,243,A0058259200,MR. SHEEPERTON,Cat,Domestic Longhair,6y 3m 30d,Grey,In SAFE Foster,,,,,Large,,M,White,,Foster Home,,,,,548
  Foster Home,243,A0058284280,Beaker,Dog,"Terrier, American Pit Bull",8m 27d,White,Available,,,,400.00,Medium,Mix,M,Brown,,Foster Home,,,,,548
  Foster Home,243,A0058353961,Oreo,Cat,Domestic Shorthair,4m 5d,Black,In Foster,,medically cleared,,,Small,Mix,F,White,,Foster Home,,,,,548
  Foster Home,243,A0058419285,Betty,Dog,"Mixed Breed, Small (under 24 lbs fully grown)",15y 3m 4d,White,In Foster,,Dog is clear for dispo- LMW/81,Scruffles,,Small,Mix,F,Grey,,Foster Home,,,,,548
  Foster Home,243,A0058442198,BEATRIX,Cat,Domestic Shorthair,2y 2m 30d,Black,In Foster,,medically cleared,,,Small,,F,White,,Foster Home,,,,,548
  Foster Home,243,A0058450156,Masie,Cat,Domestic Longhair,1y 8m 30d,Brown,In Foster,,Nursing mom,,,Small,Mix,F,White,,Foster Home,,,,,548
  Foster Home,243,A0058450160,Birdy,Cat,Domestic Shorthair,3m 0d,Grey,In Foster,,too young/nursing,,,Small,Mix,F,White,,Foster Home,,,,,548
  Foster Home,243,A0058540989,JANET,Cat,Domestic Shorthair,2m 29d,White,In Foster,,,,,Small,Mix,F,Brown,,Foster Home,,,,,548
  Foster Home,243,A0058549497,SILKY,Cat,Domestic Shorthair,2y 2m 16d,Brown,In Foster,,,,120.00,Small,,F,Orange,,Foster Home,,,,,548
  Foster Home,243,A0058571047,,Rodent,GUINEA PIG,6m 13d,Brown,In Foster,,pregnancy watch,,,Small,,F,Orange,,Foster Home,,,,,548
  Foster Home,243,A0058588153,Glia,Cat,Domestic Shorthair,3m 21d,Brown,In Foster,,,,,Small,Mix,F,White,,Foster Home,,,,,548
  Foster Home,243,A0058622374,,Rabbit,Angora,,White,In Foster,,too thin for surgery,MARSHMALLOW FLUFF,,Small,Mix,M,,,Foster Home,,,,,548
  Foster Home,243,A0058627965,,Cat,Domestic Shorthair,2m 24d,Black,In Foster,,Too young,,,Small,Mix,F,,,Foster Home,,,,,548
  Foster Home,243,A0058627969,,Cat,Domestic Shorthair,2m 24d,Black,In Foster,,Too young,,,Small,Mix,M,,,Foster Home,,,,,548
  Foster Home,243,A0058627970,,Cat,Domestic Shorthair,2m 24d,Black,In Foster,,Too young,,,Small,Mix,M,,,Foster Home,,,,,548
  Foster Home,243,A0058679141,Philicity,Cat,Domestic Shorthair,2m 7d,Black,In Foster,,,,,Small,,F,White,,Foster Home,,,,,548
  Foster Home,243,A0058679157,Phineas,Cat,Domestic Shorthair,2m 7d,White,In Foster,,Need bottle baby foster,,,Small,Mix,M,Black,,Foster Home,,,,,548
  Foster Home,243,A0058682110,,Cat,Domestic Shorthair,2m 10d,Tan,In Foster,,OK to return to foster,,,Small,,F,,,Foster Home,,,,,548
  Foster Home,243,A0058682112,,Cat,Domestic Shorthair,2m 10d,Tan,In Foster,,,,,Small,,M,,,Foster Home,,,,,548
  Foster Home,243,A0058682114,,Cat,Domestic Shorthair,2m 10d,Orange,In Foster,,,,,Small,,M,,,Foster Home,,,,,548
  Foster Home,243,A0058694278,,Cat,Domestic Shorthair,2m 29d,Brown,In Foster,,,,,Small,Mix,F,White,,Foster Home,,,,,548
  Foster Home,243,A0058710884,SMORES,Cat,Domestic Shorthair,2y 1m 23d,Black,In Foster,,,,,Small,,F,White,,Foster Home,,,,,548
  Foster Home,243,A0058710888,,Cat,Domestic Shorthair,1m 26d,Black,In Foster,,,,,Small,,F,,,Foster Home,,,,,548
  Foster Home,243,A0058710891,,Cat,Domestic Shorthair,1m 26d,Black,In Foster,,,,,Small,,F,White,,Foster Home,,,,,548
  Foster Home,243,A0058711213,CHEEZIT,Cat,Domestic Shorthair,2m 7d,White,In Foster,,,,,Small,Mix,M,Orange,,Foster Home,,,,,548
  Foster Home,243,A0058711214,GOLDFISH,Cat,Domestic Shorthair,2m 7d,White,In Foster,,,,,Small,Mix,M,Orange,,Foster Home,,,,,548
  Foster Home,243,A0058728323,,Cat,Domestic Shorthair,2m 27d,Brown,In Foster,,,,,Small,Mix,F,White,,Foster Home,,,,,548
  Foster Home,243,A0058729684,PICKLES,Cat,Domestic Shorthair,1y 8m 14d,Black,In Foster,,Nursing mom,,,Small,,F,White,,Foster Home,,,,,548
  Foster Home,243,A0058729698,,Cat,Domestic Shorthair,1m 24d,White,In Foster,,,,,Small,Mix,M,Black,,Foster Home,,,,,548
  Foster Home,243,A0058729703,,Cat,Domestic Shorthair,1m 24d,White,In Foster,,,,,Small,Mix,F,Grey,,Foster Home,,,,,548
  Foster Home,243,A0058729706,,Cat,Domestic Shorthair,1m 24d,Black,In Foster,,,,,Small,Mix,M,White,,Foster Home,,,,,548
  Foster Home,243,A0058757630,FUZZY SLIPPER,Rabbit,Mini-Lop,3m 28d,White,In Foster,,assess,,,Small,,M,Grey,,Foster Home,,,,,548
  Foster Home,243,A0058757640,FLIP FLOP,Rabbit,Rex,3m 28d,Black,In Foster,,CLEAR FOR FOSTER,,,Small,Mix,M,,,Foster Home,,,,,548
  Foster Home,243,A0058763173,Nixie,Cat,Domestic Shorthair,1m 28d,Black,In Foster,,bottle baby,,,Small,Mix,F,,,Foster Home,,,,,548
  Foster Home,243,A0058763174,Ash,Cat,Domestic Shorthair,1m 28d,Black,In Foster,,bottle baby,,0.00,Small,Mix,M,,,Foster Home,,,,,548
  Foster Home,243,A0058763177,Polo,Cat,Domestic Shorthair,1m 28d,Black,In Foster,,bottle baby,,0.00,Small,Mix,M,,,Foster Home,,,,,548
  Foster Home,243,A0058763180,Zee,Cat,Domestic Shorthair,1m 28d,Black,In Foster,,bottle baby,,0.00,Small,Mix,M,,,Foster Home,,,,,548
  Foster Home,243,A0058764920,Leonardo,Rabbit,Satin,1y 1m 14d,Brown,In Foster,,weight gain,,,Small,Mix,M,,,Foster Home,,,,,548
  Foster Home,243,A0058767738,Opal,Cat,Domestic Shorthair,1m 30d,Grey,In Foster,,,,,Small,Mix,F,Tan,,Foster Home,,,,,548
  Foster Home,243,A0058787259,,Rabbit,Satin,2m 11d,Black,In Foster,,,,,Small,Mix,M,Orange,,Foster Home,,,,,548
  Foster Home,243,A0058787263,,Rabbit,Satin,2m 11d,White,In Foster,,,,,Small,Mix,M,Brown,,Foster Home,,,,,548
  Foster Home,243,A0058787491,,Cat,Domestic Shorthair,2m 8d,Black,In Foster,,,,,Small,Mix,F,Tan,,Foster Home,,,,,548
  Foster Home,243,A0058787494,,Cat,Domestic Shorthair,2m 8d,Orange,In Foster,,,,,Small,Mix,M,White,,Foster Home,,,,,548
  Foster Home,243,A0058790535,Abigail,Cat,Domestic Longhair,11m 10d,Black,In Foster,,Nursing mom,,,Small,Mix,F,,,Foster Home,,,,,548
  Foster Home,243,A0058790545,,Cat,Domestic Shorthair,1m 14d,Black,In Foster,,,,,Small,Mix,F,,,Foster Home,,,,,548
  Foster Home,243,A0058790552,,Cat,Domestic Shorthair,1m 14d,Black,In Foster,,,,,Small,Mix,M,,,Foster Home,,,,,548
  Foster Home,243,A0058790558,,Cat,Domestic Longhair,1m 14d,Smoke,In Foster,,,,,Small,Mix,F,,,Foster Home,,,,,548
  Foster Home,243,A0058790560,,Cat,Domestic Longhair,1m 14d,Grey,In Foster,,,,,Small,Mix,M,,,Foster Home,,,,,548
  Foster Home,243,A0058795591,,Rabbit,Satin,,Brown,In Foster,,,,,Small,Mix,M,Orange,,Foster Home,,,,,548
  Foster Home,243,A0058796476,FIRECRACKER,Cat,Domestic Shorthair,5m 10d,Black,In Foster,7/16/2025 11:14 AM,ON MEDS,,,Small,,M,,,Foster Home,,,,,548
  Foster Home,243,A0058796649,,Cat,Domestic Shorthair,2m 10d,Grey,In Foster,,,,,Small,Mix,M,,,Foster Home,,,,,548
  Foster Home,243,A0058796651,,Cat,Domestic Shorthair,2m 10d,Black,In Foster,,,,,Small,Mix,M,,,Foster Home,,,,,548
  Foster Home,243,A0058796654,,Cat,Domestic Shorthair,2m 10d,Black,In Foster,,,,,Small,Mix,M,White,,Foster Home,,,,,548
  Foster Home,243,A0058796655,,Cat,Domestic Shorthair,2m 10d,Brown,In Foster,,,,,Small,Mix,F,White,,Foster Home,,,,,548
  Foster Home,243,A0058796658,,Cat,Domestic Shorthair,2m 10d,Brown,In Foster,,,,,Small,Mix,M,,,Foster Home,,,,,548
  Foster Home,243,A0058796660,,Cat,Domestic Shorthair,2m 10d,Black,In Foster,,,,,Small,Mix,M,,,Foster Home,,,,,548
  Foster Home,243,A0058796661,,Cat,Domestic Shorthair,2m 10d,Brown,In Foster,,,,,Small,Mix,F,,,Foster Home,,,,,548
  Foster Home,243,A0058796664,,Cat,Domestic Shorthair,2m 10d,Black,In Foster,,,,,Small,Mix,M,White,,Foster Home,,,,,548
  Foster Home,243,A0058796665,,Cat,Domestic Shorthair,2m 10d,Black,In Foster,,,,,Small,Mix,M,,,Foster Home,,,,,548
  Foster Home,243,A0058797788,,Cat,Domestic Shorthair,2m 10d,Brown,In Foster,,,,,Small,Mix,F,,,Foster Home,,,,,548
  Foster Home,243,A0058799429,,Cat,Domestic Longhair,1m 14d,Black,In Foster,,,,,Small,Mix,M,,,Foster Home,,,,,548
  Foster Home,243,A0058799431,,Cat,Domestic Longhair,1m 14d,Grey,In Foster,,,,,Small,Mix,F,,,Foster Home,,,,,548
  Foster Home,243,A0058811036,,Rabbit,Satin,,Blue,In Foster,,,,,Small,Mix,M,,,Foster Home,,,,,548
  Foster Home,243,A0058819243,,Rabbit,Satin,2m 5d,Orange,In Foster,,,,,Small,Mix,M,White,,Foster Home,,,,,548
  Foster Home,243,A0058819245,BEACH BALL,Rabbit,Satin,,Orange,In Foster,,Ok for foster,,,Small,Mix,F,Black,,Foster Home,,,,,548
  Foster Home,243,A0058820115,Peanut,Cat,Domestic Shorthair,2m 5d,Tan,In Foster,,,Toast,,Small,Mix,M,,,Foster Home,,,,,548
  Foster Home,243,A0058823210,,Cat,Domestic Shorthair,2m 3d,Grey,In Foster,,,,,Small,Mix,F,White,,Foster Home,,,,,548
  Foster Home,243,A0058823213,,Cat,Domestic Shorthair,2m 3d,Grey,In Foster,,,,,Small,Mix,F,,,Foster Home,,,,,548
  Foster Home,243,A0058823216,,Cat,Domestic Shorthair,2m 3d,Grey,In Foster,,,,,Small,Mix,F,White,,Foster Home,,,,,548
  Foster Home,243,A0058823219,,Cat,Domestic Shorthair,2m 3d,Grey,In Foster,,,,,Small,Mix,F,,,Foster Home,,,,,548
  Foster Home,243,A0058828052,,Cat,Domestic Shorthair,2m 15d,Brown,In Foster,,okay for foster with meds,,,Small,Mix,F,Orange,,Foster Home,,,,,548
  Foster Home,243,A0058828053,,Cat,Domestic Shorthair,2m 15d,Brown,In Foster,,okay for foster with meds,,,Small,Mix,F,Orange,,Foster Home,,,,,548
  Foster Home,243,A0058830431,Tony Soprano,Cat,Domestic Shorthair,2m 5d,Orange,In Foster,,,,,Small,Mix,M,,,Foster Home,,,,,548
  Foster Home,243,A0058831524,SPRITZ,Rabbit,Holland Lop,,White,In Foster,,legal hold cleared,SPRITZ,,Small,,F,,,Foster Home,,,,,548
  Foster Home,243,A0058834490,Dior,Dog,Bulldog,1y 1m 3d,Red,In Cruelty Foster,,,,,Medium,Mix,F,White,,Foster Home,,,,,548
  Foster Home,243,A0058834498,Graffiti,Dog,Bulldog,1y 1m 3d,Brown,In Cruelty Foster,,,,,Medium,Mix,F,White,,Foster Home,,,,,548
  Foster Home,243,A0058834525,Remy,Dog,"Bulldog, French",1y 1m 2d,Sable,In Cruelty Foster,,,,,Medium,,F,,,Foster Home,,,,,548
  Foster Home,243,A0058840216,,Cat,Domestic Shorthair,2m 8d,Black,In Foster,,,,,Small,Mix,M,,,Foster Home,,,,,548
  Foster Home,243,A0058840227,,Cat,Domestic Shorthair,2m 8d,Black,In Foster,,,,,Small,Mix,M,,,Foster Home,,,,,548
  Foster Home,243,A0058840242,,Cat,Domestic Shorthair,2m 8d,Black,In Foster,,,,,Small,Mix,F,,,Foster Home,,,,,548
  Foster Home,243,A0058840248,,Cat,Domestic Shorthair,2m 8d,Black,In Foster,,,,,Small,Mix,F,,,Foster Home,,,,,548
  Foster Home,243,A0058847793,SPARK,Cat,Domestic Shorthair,1m 30d,Black,In Foster,,needs weight gain,,,Small,Mix,M,,,Foster Home,,,,,548
  Foster Home,243,A0058848924,Thomas,Cat,Domestic Shorthair,2m 20d,Brown,In Foster,,"ok for foster, on meds",MANNY,,Small,,M,White,,Foster Home,,,,,548
  Foster Home,243,A0058855018,SPRINGROLL,Cat,Domestic Shorthair,1m 10d,White,In Foster,,bottle baby,,,Small,,M,Grey,,Foster Home,,,,,548
  Foster Home,243,A0058858463,General Lee,Cat,Domestic Shorthair,1m 21d,Orange,In Foster,,,,,Small,,M,White,,Foster Home,,,,,548
  Foster Home,243,A0058864061,Bagel,Dog,"Mixed Breed, Medium (up to 44 lbs fully grown)",1m 5d,Brindle,In Foster,,,,,Small,Mix,F,,,Foster Home,,,,,548
  Foster Home,243,A0058864064,,Dog,"Mixed Breed, Medium (up to 44 lbs fully grown)",1m 5d,Brindle,In Foster,,,,,Small,Mix,F,,,Foster Home,,,,,548
  Foster Home,243,A0058864066,,Dog,"Mixed Breed, Medium (up to 44 lbs fully grown)",1m 5d,Brindle,In Foster,,,,,Small,Mix,F,,,Foster Home,,,,,548
  Foster Home,243,A0058864067,,Dog,"Mixed Breed, Medium (up to 44 lbs fully grown)",1m 5d,Brindle,In Foster,,,,,Small,Mix,F,,,Foster Home,,,,,548
  Foster Home,243,A0058864070,,Dog,"Mixed Breed, Medium (up to 44 lbs fully grown)",1m 5d,Brindle,In Foster,,,,,Small,Mix,M,,,Foster Home,,,,,548
  Foster Home,243,A0058864072,,Dog,"Mixed Breed, Medium (up to 44 lbs fully grown)",1m 5d,Black,In Foster,,,,,Small,Mix,F,White,,Foster Home,,,,,548
  Foster Home,243,A0058865640,Bean,Cat,Domestic Shorthair,2m 9d,Black,In Foster,,,,,Small,,M,White,,Foster Home,,,,,548
  Foster Home,243,A0058872790,,Rabbit,Satin,29d,White,In Foster,,needs fostering,,,Small,Satin,U,Black,,Foster Home,,,,,548
  Foster Home,243,A0058872792,,Rabbit,Satin,29d,White,In Foster,,needs fostering,,,Small,Satin,U,Black,,Foster Home,,,,,548
  Foster Home,243,A0058872796,,Rabbit,Satin,29d,White,In Foster,,needs fostering,,,Small,Satin,U,Brown,,Foster Home,,,,,548
  Foster Home,243,A0058872798,,Rabbit,Satin,29d,Grey,In Foster,,needs fostering,,,Small,Satin,U,,,Foster Home,,,,,548
  Foster Home,243,A0058872803,,Rabbit,Satin,29d,Black,In Foster,,needs fostering,,,Small,Satin,U,,,Foster Home,,,,,548
  Foster Home,243,A0058872805,,Rabbit,Satin,29d,Grey,In Foster,,needs fostering,,,Small,Satin,U,Tan,,Foster Home,,,,,548
  Foster Home,243,A0058872807,,Rabbit,Satin,29d,White,In Foster,,needs fostering,,,Small,Satin,U,Black,,Foster Home,,,,,548
  Foster Home,243,A0058872864,,Cat,Domestic Shorthair,1m 1d,Black,In Foster,,bottle baby,,,Small,Mix,F,Orange,,Foster Home,,,,,548
  Foster Home,243,A0058872867,,Cat,Domestic Shorthair,1m 1d,Black,In Foster,,bottle baby,,,Small,Mix,F,White,,Foster Home,,,,,548
  Foster Home,243,A0058873067,,Cat,Domestic Longhair,1y 27d,White,In Foster,,,,,Small,Mix,F,Grey,,Foster Home,,,,,548
  Foster Home,243,A0058873074,,Cat,Domestic Shorthair,1m 18d,White,In Foster,,,,,Small,Mix,M,Grey,,Foster Home,,,,,548
  Foster Home,243,A0058873076,,Cat,Domestic Shorthair,1m 18d,White,In Foster,,,,,Small,Mix,M,Grey,,Foster Home,,,,,548
  Foster Home,243,A0058874847,,Cat,Domestic Shorthair,1m 19d,Black,In Foster,,ok for foster,,,Small,Mix,F,White,,Foster Home,,,,,548
  Foster Home,243,A0058874852,,Cat,Domestic Shorthair,1m 19d,Grey,In Foster,,ok for foster,,,Small,Mix,F,Orange,,Foster Home,,,,,548
  Foster Home,243,A0058874853,,Cat,Domestic Shorthair,1m 12d,Orange,In Foster,,,,,Small,,M,,,Foster Home,,,,,548
  Foster Home,243,A0058874855,,Cat,Domestic Shorthair,1m 19d,Black,In Foster,,ok for foster,,,Small,Mix,M,White,,Foster Home,,,,,548
  Foster Home,243,A0058875207,,Cat,Domestic Shorthair,1m 28d,White,In Foster,,,,,Small,Mix,M,Grey,,Foster Home,,,,,548
  Foster Home,243,A0058880145,,Cat,Domestic Longhair,2m 22d,Orange,In Foster,,,,,Small,Mix,F,Black,,Foster Home,,,,,548
  Foster Home,243,A0058883197,,Cat,Domestic Shorthair,2m 8d,Grey,In Foster,,,,,Small,,F,Orange,,Foster Home,,,,,548
  Foster Home,243,A0058883204,,Cat,Domestic Shorthair,2m 8d,Orange,In Foster,,,,0.00,Small,,M,White,,Foster Home,,,,,548
  Foster Home,243,A0058883212,,Cat,Domestic Shorthair,2m 8d,Orange,In Foster,,,Winnie,0.00,Small,,F,White,,Foster Home,,,,,548
  Foster Home,243,A0058887121,,Cat,Domestic Shorthair,1m 21d,Brown,In Foster,,,,,Small,Mix,M,,,Foster Home,,,,,548
  Foster Home,243,A0058887122,,Cat,Domestic Shorthair,1m 21d,Black,In Foster,,,,,Small,Mix,M,White,,Foster Home,,,,,548
  Foster Home,243,A0058894881,,Cat,Domestic Shorthair,1y 25d,Black,In Foster,,,ANASTASIA,,Small,Mix,F,White,,Foster Home,,,,,548
  Foster Home,243,A0058896393,,Cat,Domestic Shorthair,28d,Brown,In Foster,,temporary emergency foster,,,Small,Mix,M,,,Foster Home,,,,,548
  Foster Home,243,A0058901776,,Cat,Domestic Shorthair,1m 18d,Brown,In Foster,,Too young/URI,,,Small,Mix,F,,,Foster Home,,,,,548
  Foster Home,243,A0058901777,,Cat,Domestic Shorthair,1m 18d,Grey,In Foster,,Too young/URI,,,Small,Mix,F,White,,Foster Home,,,,,548
  Foster Home,243,A0058901778,,Cat,Domestic Shorthair,1m 18d,Orange,In Foster,,Too young/URI,,,Small,Mix,M,,,Foster Home,,,,,548
  Foster Home,243,A0058901781,,Cat,Domestic Shorthair,1m 18d,Grey,In Foster,,Too young/URI,,,Small,Mix,F,Tan,,Foster Home,,,,,548
  Foster Home,243,A0058901926,,Cat,Domestic Shorthair,24d,Black,In Foster,,,,,Small,Mix,F,White,,Foster Home,,,,,548
  Foster Home,243,A0058901929,,Cat,Domestic Shorthair,24d,Black,In Foster,,,,,Small,Mix,M,White,,Foster Home,,,,,548
  Foster Home,243,A0058901930,,Cat,Domestic Shorthair,24d,Black,In Foster,,,,,Small,Mix,F,White,,Foster Home,,,,,548
  Foster Home,243,A0058901931,,Cat,Domestic Shorthair,24d,Black,In Foster,,,,,Small,Mix,M,White,,Foster Home,,,,,548
  Foster Home,243,A0058902702,,Cat,Domestic Shorthair,2m 23d,Tan,In Foster,,,,,Small,Mix,M,White,,Foster Home,,,,,548
  Foster Home,243,A0058903437,Henrietta,Cat,Domestic Shorthair,1m 24d,Grey,In Foster,,okay for foster,,,Small,,F,,,Foster Home,,,,,548
  Foster Home,243,A0058904578,Sam,Cat,Domestic Shorthair,1m 21d,Orange,In Foster,,,,,Small,,M,White,,Foster Home,,,,,548
  Foster Home,243,A0058904579,Molly,Cat,Domestic Shorthair,1m 21d,Brown,In Foster,,,,,Small,,F,White,,Foster Home,,,,,548
  Foster Home,243,A0058904643,,Cat,Domestic Shorthair,1m 21d,Brown,In Foster,,,,,Small,Mix,M,,,Foster Home,,,,,548
  Foster Home,243,A0058904859,,Cat,Domestic Shorthair,24d,Black,In Foster,,,,,Small,Mix,F,White,,Foster Home,,,,,548
  Foster Home,243,A0058909081,PEEWEE,Cat,Domestic Shorthair,23d,Brown,In Foster,,,,,Small,Mix,M,,,Foster Home,,,,,548
  Foster Home,243,A0058909084,,Cat,Domestic Shorthair,1y 22d,Grey,In Foster,,,ROSEMARIE,,Small,Mix,F,,,Foster Home,,,,,548
  Foster Home,243,A0058914263,,Cat,Domestic Shorthair,23d,Grey,In Foster,7/22/2025 12:01 AM,,,,Small,,F,,,Foster Home,,,,,548
  Foster Home,243,A0058914271,,Cat,Domestic Shorthair,23d,Brown,In Foster,7/22/2025 12:01 AM,,,,Small,,M,,,Foster Home,,,,,548
  Foster Home,243,A0058914274,,Cat,Domestic Shorthair,,Grey,In Foster,7/22/2025 12:01 AM,,,,Small,,F,Orange,,Foster Home,,,,,548
  Foster Home,243,A0058914310,,Cat,Domestic Shorthair,23d,Grey,In Foster,7/22/2025 12:01 AM,,,,Small,,F,Orange,,Foster Home,,,,,548
  Foster Home,243,A0058914774,POPPY,Cat,Domestic Shorthair,23d,Black,In Foster,,,,,Small,Mix,F,,,Foster Home,,,,,548
  Foster Home,243,A0058914782,PORTER,Cat,Domestic Shorthair,23d,Brown,In Foster,,,,,Small,Mix,M,,,Foster Home,,,,,548
  Foster Home,243,A0058918903,LUNAR,Cat,Domestic Shorthair,10y 21d,Black,In Foster,,,,,Small,,F,,,Foster Home,,,,,548
  Foster Home,243,A0058924959,,Cat,Domestic Shorthair,22d,Black,In Foster,,,,,Small,Mix,F,,,Foster Home,,,,,548
  Foster Home,243,A0058925498,,Cat,Domestic Shorthair,2m 8d,Black,In Foster,,Too young/Weight gain,,,Small,Mix,M,,,Foster Home,,,,,548
  Foster Home,243,A0058925499,,Cat,Domestic Shorthair,2m 8d,Black,In Foster,,Too young/Weight gain,,,Small,Mix,M,,,Foster Home,,,,,548
  Foster Home,243,A0058925505,,Cat,Domestic Shorthair,2m 8d,Grey,In Foster,,Too young/Weight gain,,,Small,Mix,F,,,Foster Home,,,,,548
  Foster Home,243,A0058925509,,Cat,Domestic Shorthair,2m 8d,Black,In Foster,,Too young/weight gain,,,Small,Mix,F,,,Foster Home,,,,,548
  Foster Home,243,A0058940364,SUNNY,Cat,Domestic Shorthair,3m 2d,Black,In Foster,,regular foster recheck 2 weeks,,,Small,Mix,M,,,Foster Home,,,,,548
  Foster Home,243,A0058941118,,Cat,Domestic Shorthair,20d,Black,In Foster,,,,,Small,Mix,M,White,,Foster Home,,,,,548
  Foster Home,243,A0058941120,,Cat,Domestic Shorthair,20d,Black,In Foster,,,,,Small,Mix,F,White,,Foster Home,,,,,548
  Foster Home,243,A0058941129,,Cat,Domestic Shorthair,20d,Brown,In Foster,,,,,Small,Mix,M,,,Foster Home,,,,,548
  Foster Home,243,A0058941138,COCONUT,Cat,Domestic Shorthair,2m 7d,White,In Foster,,ON MEDS,,,Small,,F,,,Foster Home,,,,,548
  Foster Home,243,A0058941146,,Cat,Domestic Shorthair,20d,Black,In Foster,,,,,Small,Mix,F,,,Foster Home,,,,,548
  Foster Home,243,A0058941151,QUINT,Cat,Domestic Shorthair,1y 18d,Brown,In Foster,,,,,Small,,F,White,,Foster Home,,,,,548
  Foster Home,243,A0058941158,,Cat,Domestic Shorthair,20d,Brown,In Foster,,,,,Small,Mix,F,,,Foster Home,,,,,548
  Foster Home,243,A0058942274,,Cat,Domestic Shorthair,3m 18d,Blue,In Foster,,,,,Small,,M,,,Foster Home,,,,,548
  Foster Home,243,A0058943759,,Cat,Domestic Shorthair,1m 15d,Black,In Foster,,,,,Small,Mix,M,,,Foster Home,,,,,548
  Foster Home,243,A0058943760,,Cat,Domestic Shorthair,1m 15d,Brown,In Foster,,,,,Small,Mix,M,,,Foster Home,,,,,548
  Foster Home,243,A0058943762,,Cat,Domestic Shorthair,1m 15d,Black,In Foster,,,,,Small,Mix,F,White,,Foster Home,,,,,548
  Foster Home,243,A0058949040,MUFFIN,Cat,Domestic Longhair,10m 16d,Orange,In Foster,,HAS AN ADOPTER/FOSTER,,,Small,,F,,,Foster Home,,,,,548
  Foster Home,243,A0058955890,,Cat,Domestic Shorthair,1m 13d,Brown,In Foster,,,,,Small,Mix,M,White,,Foster Home,,,,,548
  Foster Home,243,A0058955910,,Cat,Domestic Shorthair,1m 13d,Black,In Foster,,,,,Small,Mix,F,White,,Foster Home,,,,,548
  Foster Home,243,A0058955935,,Cat,Domestic Shorthair,1m 13d,Black,In Foster,,,,,Small,Mix,F,Orange,,Foster Home,,,,,548
  Foster Home,243,A0058959620,JESSE,Cat,Domestic Shorthair,1m 13d,Orange,In Foster,,,,,Small,Mix,M,,,Foster Home,,,,,548
  Foster Home,243,A0058959624,OTTER,Cat,Domestic Shorthair,2m 24d,Orange,In Foster,,,,,Small,,M,,,Foster Home,,,,,548
  Foster Home,243,A0058959628,BADGER,Cat,Domestic Shorthair,1m 20d,Black,In Foster,,,,,Small,Mix,M,,,Foster Home,,,,,548
  Foster Home,243,A0058959631,SKINNY PETE,Cat,Domestic Shorthair,1m 13d,Black,In Foster,,,,,Small,Mix,M,,,Foster Home,,,,,548
  Foster Home,243,A0058967475,MAMA DUCKY,Cat,Domestic Shorthair,2y 6d,Brown,In Foster,,,,,Small,,F,White,,Foster Home,,,,,548
  Foster Home,243,A0058967489,,Cat,Domestic Shorthair,1m 4d,Brown,In Foster,,,,,Small,Mix,U,,,Foster Home,,,,,548
  Foster Home,243,A0058967492,,Cat,Domestic Shorthair,1m 4d,Brown,In Foster,,,,,Small,Mix,F,White,,Foster Home,,,,,548
  Foster Home,243,A0058967494,,Cat,Domestic Shorthair,1m 4d,Brown,In Foster,,,,,Small,Mix,M,White,,Foster Home,,,,,548
  Foster Home,243,A0058967496,,Cat,Domestic Shorthair,1m 4d,White,In Foster,,,,,Small,Mix,M,,,Foster Home,,,,,548
  Foster Home,243,A0058967498,,Cat,Domestic Shorthair,1m 4d,Brown,In Foster,,,,,Small,Mix,F,,,Foster Home,,,,,548
  Foster Home,243,A0058967501,,Cat,Domestic Shorthair,1m 4d,Black,In Foster,,,,,Small,Mix,U,,,Foster Home,,,,,548
  Foster Home,243,A0058967503,,Cat,Domestic Shorthair,1m 4d,Black,In Foster,,,,,Small,Mix,M,,,Foster Home,,,,,548
  Foster Home,243,A0058972148,PHEONIX,Cat,Domestic Shorthair,11m 13d,Blue,In Foster,,,PHOENIX,,Small,,F,White,,Foster Home,,,,,548
  Foster Home,243,A0058974161,,Cat,Domestic Shorthair,1m 3d,Brown,In Foster,,,,,Small,Mix,M,White,,Foster Home,,,,,548
  Foster Home,243,A0058974171,,Cat,Domestic Shorthair,1m 3d,Grey,In Foster,,,,0.00,Small,Mix,M,White,,Foster Home,,,,,548
  Foster Home,243,A0058975215,,Domestic (Cage) Bird,Pigeon,,White,In Foster,8/4/2025 11:07 AM,,,,Small,Pigeon,U,Grey,,Foster Home,,,,,548
  Foster Home,243,A0058980406,Jetta,Cat,Domestic Shorthair,1m 24d,Brown,In Foster,,,,,Small,Mix,F,White,,Foster Home,,,,,548
  Foster Home,243,A0058982440,Peanut,Cat,Domestic Shorthair,2m 12d,Black,In Foster,,,,,Small,Mix,F,White,,Foster Home,,,,,548
  Foster Home,243,A0058982457,Cashew,Cat,Domestic Shorthair,2m 12d,White,In Foster,,,,,Small,Mix,M,Tan,,Foster Home,,,,,548
  Foster Home,243,A0058992665,SUNSHINE,Cat,Domestic Shorthair,1m 21d,Grey,In Foster,,Sick + too young,,,Small,Mix,F,Orange,,Foster Home,,,,,548
  Foster Home,243,A0058992825,Hazey,Cat,Domestic Shorthair,2m 4d,Brown,In Foster,,,,,Small,Mix,M,,,Foster Home,,,,,548
  Foster Home,243,A0058993438,Jeffery,Cat,Domestic Shorthair,1m 14d,Black,In Foster,,Ok for foster,,,Small,Mix,M,White,,Foster Home,,,,,548
  Foster Home,243,A0058993921,,Cat,Domestic Shorthair,12d,White,In Foster,,,,,Small,Mix,F,Grey,,Foster Home,,,,,548
  Foster Home,243,A0058993935,,Cat,Domestic Shorthair,12d,Black,In Foster,,,,,Small,Mix,F,Orange,,Foster Home,,,,,548
  Foster Home,243,A0058996511,,Cat,Domestic Longhair,2m 9d,Black,In Foster,,,,,Small,Mix,M,,,Foster Home,,,,,548
  Foster Home,243,A0058996516,,Cat,Domestic Longhair,2m 9d,Black,In Foster,,,,,Small,Mix,M,,,Foster Home,,,,,548
  Foster Home,243,A0058996522,,Cat,Domestic Shorthair,,Brown,In Foster,,,,,Small,Mix,F,White,,Foster Home,,,,,548
  Foster Home,243,A0058996526,,Cat,Domestic Shorthair,2m 9d,Brown,In Foster,,,,,Small,Mix,F,White,,Foster Home,,,,,548
  Foster Home,243,A0058996529,,Cat,Domestic Shorthair,2m 9d,Black,In Foster,,,,,Small,Mix,M,,,Foster Home,,,,,548
  Foster Home,243,A0058996530,,Cat,Domestic Shorthair,2m 9d,Black,In Foster,,,,,Small,Mix,F,,,Foster Home,,,,,548
  Foster Home,243,A0058996532,,Cat,Domestic Shorthair,2m 9d,Black,In Foster,,,,,Small,Mix,F,,,Foster Home,,,,,548
  Foster Home,243,A0058999679,Tortellini,Cat,Domestic Shorthair,16d,Black,In Foster,,,,,Small,Mix,F,Orange,,Foster Home,,,,,548
  Foster Home,243,A0058999688,Fettuccine,Cat,Domestic Shorthair,16d,Grey,In Foster,,,,,Small,Mix,F,,,Foster Home,,,,,548
  Foster Home,243,A0058999695,Macaroni,Cat,Domestic Shorthair,16d,Orange,In Foster,,,,,Small,Mix,F,Brown,,Foster Home,,,,,548
  Foster Home,243,A0058999707,T-Bone,Dog,"Mixed Breed, Large (over 44 lbs fully grown)",3m 0d,Brindle,In Foster,,,,,Small,Mix,M,Black,,Foster Home,,,,,548
  Foster Home,243,A0058999711,Ribeye,Dog,Boxer,3m 5d,Black,In Foster,,,,,Small,"Mixed Breed, Large (over 44 lbs fully grown)",F,Tan,,Foster Home,,,,,548
  Foster Home,243,A0059000881,Jake,Cat,Domestic Shorthair,29d,Brown,In Foster,,,,,Small,Mix,M,,,Foster Home,,,,,548
  Foster Home,243,A0059000884,CROISSANT,Cat,Domestic Shorthair,1m 13d,Brown,In Foster,,tech recheck,,,Small,Mix,M,White,,Foster Home,,,,,548
  Foster Home,243,A0059000887,SCONE,Cat,Domestic Shorthair,1m 13d,Grey,In Foster,,,,,Small,Mix,M,White,,Foster Home,,,,,548
  Foster Home,243,A0059000890,John,Cat,Domestic Shorthair,29d,Grey,In Foster,,,,,Small,Mix,M,White,,Foster Home,,,,,548
  Foster Home,243,A0059000893,Ben,Cat,Domestic Shorthair,22d,White,In Foster,,,,,Small,Mix,M,Black,,Foster Home,,,,,548
  Foster Home,243,A0059000895,Amanda,Cat,Domestic Shorthair,29d,Grey,In Foster,,,,,Small,Mix,F,,,Foster Home,,,,,548
  Foster Home,243,A0059000897,DANISH,Cat,Domestic Shorthair,1m 5d,Brown,In Foster,,tech recheck,,,Small,Mix,F,White,,Foster Home,,,,,548
  Foster Home,243,A0059001218,,Rodent,MOUSE-DOMESTIC,,Fawn,In Foster,8/29/2025 2:30 PM,,NATALIA,,Small,,F,,,Foster Home,,,,,548
  Foster Home,243,A0059001236,,Rodent,MOUSE-DOMESTIC,,Sable,In Foster,8/29/2025 2:30 PM,Stray No Hold per ALD/ #81,MELINA,,Small,,F,White,,Foster Home,,,,,548
  Foster Home,243,A0059011330,,Cat,Domestic Shorthair,28d,Black,In Foster,,,,,Small,,M,,,Foster Home,,,,,548
  Foster Home,243,A0059012537,NINA,Cat,Domestic Shorthair,3y 7d,Orange,In Foster,,,,,Small,,F,Grey,,Foster Home,,,,,548
  Foster Home,243,A0059012565,,Cat,Domestic Shorthair,17d,Tan,In Foster,,,,,Small,Mix,M,White,,Foster Home,,,,,548
  Foster Home,243,A0059012575,,Cat,Domestic Shorthair,17d,Orange,In Foster,,,,,Small,Mix,F,Grey,,Foster Home,,,,,548
  Foster Home,243,A0059012579,,Cat,Domestic Shorthair,17d,Tan,In Foster,,,,,Small,Mix,M,White,,Foster Home,,,,,548
  Foster Home,243,A0059019080,,Cat,Domestic Shorthair,27d,Tan,In Foster,,,,,Small,Mix,M,Black,,Foster Home,,,,,548
  Foster Home,243,A0059019082,,Cat,Domestic Shorthair,27d,Brown,In Foster,,,,,Small,Mix,F,,,Foster Home,,,,,548
  Foster Home,243,A0059020773,Binx,Cat,Domestic Shorthair,1m 24d,Black,In Foster,,,Binx,,Small,Mix,F,,,Foster Home,,,,,548
  Foster Home,243,A0059024547,,Cat,Domestic Medium Hair,1m 17d,Brown,In Foster,,,,,Small,Mix,M,,,Foster Home,,,,,548
  Foster Home,243,A0059032220,,Cat,Domestic Shorthair,10d,Black,In Foster,,MED CLEAR FOR FOSTER,,,Small,Mix,F,Orange,,Foster Home,,,,,548
  Foster Home,243,A0059032242,,Cat,Domestic Shorthair,10d,Tan,In Foster,,CLEAR FOR FOSTER,,0.00,Small,Mix,F,,,Foster Home,,,,,548
  Foster Home,243,A0059032246,,Cat,Domestic Shorthair,10d,Black,In Foster,,MEDICALLY CLEAR FOR FOSTER,,0.00,Small,Mix,M,,,Foster Home,,,,,548
  Foster Home,243,A0059033710,ANGELFISH,Cat,Domestic Shorthair,1m 9d,Black,In Foster,,too young,,,Small,Mix,F,Silver,,Foster Home,,,,,548
  Foster Home,243,A0059041027,,Cat,Domestic Shorthair,23d,Black,In Foster,,,,,Small,Mix,F,,,Foster Home,,,,,548
  Foster Home,243,A0059041034,,Cat,Domestic Longhair,23d,Black,In Foster,,,,,Small,Mix,F,,,Foster Home,,,,,548
  Foster Home,243,A0059041041,,Cat,Domestic Shorthair,23d,Black,In Foster,,,,,Small,Mix,M,,,Foster Home,,,,,548
  Foster Home,243,A0059041047,,Cat,Domestic Shorthair,23d,Black,In Foster,,,,,Small,Mix,M,,,Foster Home,,,,,548
  Humane Education Office,6,A0050404927,HANDSOME HENRY,Mammal,Ferret,4y 1m 26d,Sable,Permanent Resident,,per HuEd,,,Medium,,M,,,Humane Ed Office,,,,,548
  Humane Education Office,6,A0051407698,FLAKE,Reptile/Amphibian,"Snake, Corn",,Orange,Permanent Resident,,,,,Small,,M,Golden,,Humane Ed Office,,,,,548
  Humane Education Office,6,A0052747565,Elliot,Reptile/Amphibian,Bearded Dragon,,Brown,Permanent Resident,,Humane Education Perm Resident,,,Small,,M,,,Humane Ed Office,,,,,548
  Humane Education Office,6,A0056143449,HERBIE,Rodent,GUINEA PIG,1y 1m 24d,Brown,Permanent Resident,,MED CLEARED,KENT,,Small,GUINEA PIG,M,White,,Humane Ed Office,,,,,548
  Humane Education Office,6,A0057946635,,Rodent,RAT-DOMESTIC,5m 24d,White,In Foster,,with Humane Ed until sx,,,Small,,M,,,Humane Ed Office,,,,,548
  Humane Education Office,6,A0058058104,,Rodent,RAT-DOMESTIC,4m 23d,White,In Foster,,with Humane Ed until sx,,,Small,RAT-DOMESTIC,M,,,Humane Ed Office,,,,,548
  ICU,7,A0058847120,KIWI,Cat,Domestic Shorthair,5m 1d,Brown,Hold - Doc,8/11/2025 5:46 PM,RECHECK 8/11,,,Small,,F,,,02,,,,,548
  ICU,7,A0058901767,,Cat,Domestic Shorthair,2m 4d,Black,Hold - Foster,,,,,Small,Mix,M,,,06,,,,,548
  ICU,7,A0058901783,,Cat,Domestic Shorthair,2m 4d,Black,Hold - Foster,,,,,Small,Mix,M,,,06,,,,,548
  ICU,7,A0058901787,,Cat,Domestic Shorthair,2m 4d,Black,Hold - Foster,,,,0.00,Small,Mix,F,,,06,,,,,548
  ICU,7,A0058901794,,Cat,Domestic Shorthair,2m 4d,Black,Hold - Foster,,,,0.00,Small,Mix,M,Orange,,06,,,,,548
  ICU,7,A0058917468,Chester,Cat,Domestic Shorthair,5y 21d,Brown,Hold - Doc,,Recheck 8/8,,,Small,,M,White,,03,,,,,548
  ICU,7,A0059038749,SHEBA,Cat,Domestic Shorthair,5y 1d,Black,Hold - Bite/Scratch,8/11/2025 10:35 AM,,,,Small,,F,White,,04 - A,,,,,548
  If The Fur Fits,31,A0032144299,THOR,Dog,"Collie, Rough",9y 6m 24d,Tan,In If the Fur Fits - Medical,,,,200.00,Medium,Mix,M,Brown,,Medical,,,,,548
  If The Fur Fits,31,A0057230680,Wishbone,Dog,"Mixed Breed, Large (over 44 lbs fully grown)",8y 8m 24d,Black,In If the Fur Fits - Medical,,bmod/itff med- needs dental,,0.00,Large,Mix,M,White,,Medical,,,,,548
  If The Fur Fits,31,A0057795821,PEACHES,Dog,"Mixed Breed, Large (over 44 lbs fully grown)",4y 13d,Black,In If the Fur Fits - Trial,8/7/2025 12:00 AM,,,250.00,Medium,Mix,F,White,,Trial,,,,,548
  If The Fur Fits,31,A0058048215,OREO,Cat,Domestic Shorthair,8y 4m 17d,Black,In If the Fur Fits - Medical,6/18/2025 12:00 AM,NEEDS DENTAL SCHEDULED,,50.00,Small,,M,White,,Medical,,,,,548
  If The Fur Fits,31,A0058074487,JENNIFER,Cat,Domestic Shorthair,8y 4m 12d,White,In If the Fur Fits - Medical,,NEEDS DENTAL SCHEDULED,,50.00,Small,,F,Black,,Medical,,,,,548
  If The Fur Fits,31,A0058216827,WESLEY,Cat,Domestic Shorthair,6y 4m 7d,Blue,In If the Fur Fits - Medical,,,,50.00,Small,,M,,,Medical,,,,,548
  If The Fur Fits,31,A0058301744,EWA,Cat,Domestic Shorthair,3m 24d,Cream,In If the Fur Fits - Medical,8/11/2025 12:00 AM,Severe diarrhea,AURORA,,Small,Mix,F,,,Medical,,,,,548
  If The Fur Fits,31,A0058561031,Bob Ross Jr.,Cat,Domestic Shorthair,3m 12d,Blue,In If the Fur Fits - Medical,7/25/2025 12:00 AM,,Tulip,200.00,Small,,M,,,Medical,,,,,548
  If The Fur Fits,31,A0058581971,TABITHA,Cat,Domestic Shorthair,10y 9m 16d,White,In If the Fur Fits - Medical,,,,50.00,Small,,F,Brown,,Medical,,,,,548
  If The Fur Fits,31,A0058597214,Bella,Dog,"Mixed Breed, Medium (up to 44 lbs fully grown)",5y 2m 8d,Black,In If the Fur Fits - Medical,,,,250.00,Medium,Mix,F,Tan,,Medical,,,,,548
  If The Fur Fits,31,A0058600883,NIGHT RIDER,Cat,Domestic Shorthair,7y 2m 8d,Black,In If the Fur Fits - Medical,,,,50.00,Small,,M,,,Medical,,,,,548
  If The Fur Fits,31,A0058610562,SAFFRON,Cat,Domestic Shorthair,7y 2m 7d,Orange,In If the Fur Fits - Medical,9/11/2025 12:00 AM,,,50.00,Small,,F,White,,Medical,,,,,548
  If The Fur Fits,31,A0058622641,KIT,Cat,Domestic Shorthair,9y 2m 4d,Blue,In If the Fur Fits - Medical,10/8/2025 12:00 AM,Needs dental,,50.00,Small,,F,,,Medical,,,,,548
  If The Fur Fits,31,A0058640624,Snow Cone,Dog,"Mixed Breed, Medium (up to 44 lbs fully grown)",5y 2m 13d,White,In If the Fur Fits - Medical,7/28/2025 12:00 AM,UNDER SKIN TREATMENT,,250.00,Medium,Mix,M,,,Medical,,,,,548
  If The Fur Fits,31,A0058690617,Magnus,Dog,"Mixed Breed, Large (over 44 lbs fully grown)",4y 1m 26d,Golden,In If the Fur Fits - Trial,7/12/2025 12:00 AM,,,250.00,Large,Mix,M,,,Trial,,,,,548
  If The Fur Fits,31,A0058697784,MATTY,Cat,Domestic Shorthair,2m 28d,Brown,In If the Fur Fits - Medical,,,,200.00,Small,,M,,,Medical,,,,,548
  If The Fur Fits,31,A0058718199,EASTON,Dog,"Mixed Breed, Medium (up to 44 lbs fully grown)",8y 2m 29d,Brown,In If the Fur Fits - Medical,9/25/2025 12:00 AM,needs dental,,200.00,Medium,Mix,M,White,,Medical,,,,,548
  If The Fur Fits,31,A0058720491,Pea,Dog,"Mixed Breed, Large (over 44 lbs fully grown)",1y 1m 17d,Grey,In If the Fur Fits - Medical,,,,250.00,Large,Mix,F,,,Medical,,,,,548
  If The Fur Fits,31,A0058720528,BROWNIE,Dog,"Mixed Breed, Medium (up to 44 lbs fully grown)",3y 1m 21d,Brown,In If the Fur Fits - Medical,,,TORTELLINI,250.00,Large,Mix,F,Black,,Medical,,,,,548
  If The Fur Fits,31,A0058733210,Kyro,Dog,"Mixed Breed, Large (over 44 lbs fully grown)",1y 1m 19d,Blond,In If the Fur Fits - Medical,8/14/2025 12:00 AM,,,250.00,Large,Mix,M,,,Medical,,,,,548
  If The Fur Fits,31,A0058764550,Karma,Dog,"Mixed Breed, Large (over 44 lbs fully grown)",2y 1m 14d,Brindle,In If the Fur Fits - Medical,,,,250.00,Medium,Mix,M,,,Medical,,,,,548
  If The Fur Fits,31,A0058767718,MAGNOLIA,Cat,Domestic Shorthair,9y 3m 5d,Grey,In If the Fur Fits - Medical,10/15/2025 12:00 AM,ITFF (dental needed),,50.00,Small,,F,White,,Medical,,,,,548
  If The Fur Fits,31,A0058831432,Lilly,Dog,"Chihuahua, Long Coat",10y 1m 4d,Black,In If the Fur Fits - Medical,,,,200.00,Small,Mix,F,Brown,,Medical,,,,,548
  If The Fur Fits,31,A0058838875,COLT,Dog,"Mixed Breed, Large (over 44 lbs fully grown)",10y 29d,Yellow,In If the Fur Fits - Medical,10/29/2025 12:00 AM,,,100.00,Large,Mix,M,,,Medical,,,,,548
  If The Fur Fits,31,A0058890018,Salsa,Cat,Domestic Shorthair,2m 25d,Black,In If the Fur Fits - Medical,8/15/2025 12:00 AM,,,200.00,Small,Mix,F,White,,Medical,,,,,548
  If The Fur Fits,31,A0058902147,Puddin Pot Pie,Cat,Domestic Shorthair,6y 23d,White,In If the Fur Fits - Medical,10/23/2025 8:00 AM,,,50.00,Small,,F,Black,,Medical,,,,,548
  If The Fur Fits,31,A0058909086,ROCKFORD,Cat,Domestic Shorthair,2y 22d,Brown,In If the Fur Fits - Medical,10/30/2025 12:00 AM,NEEDS DENTAL SCHEDULED,ROCKFORD,120.00,Small,,M,White,,Medical,,,,,548
  If The Fur Fits,31,A0058933985,BEAKER,Cat,Domestic Shorthair,3m 19d,Grey,In If the Fur Fits - Medical,8/4/2025 12:00 AM,,,200.00,Small,,M,,,Medical,,,,,548
  If The Fur Fits,31,A0058948741,Mint Ting A Ling,Cat,Domestic Shorthair,7y 16d,Black,In If the Fur Fits - Medical,11/5/2025 12:00 AM,NEEDS DENTAL SCHEDULED,,50.00,Small,,M,White,,Medical,,,,,548
  If The Fur Fits,31,A0058981275,Kalise,Dog,"Terrier, Yorkshire",5y 21d,White,In If the Fur Fits - Trial,8/8/2025 12:00 AM,,,250.00,Small,Mix,F,Tan,,Trial,,,,,548
  If The Fur Fits,31,A0058995861,BELLA MIA,Cat,Snowshoe,2y 9d,White,In If the Fur Fits - Trial,8/11/2025 12:00 AM,,,120.00,Small,Mix,F,Tan,,Trial,,,,,548
"  Multi-Animal Holding, Room 227",2,A0058212987,Bunny 7,Rabbit,Florida White,4m 8d,White,Hold - Foster,,,,,Small,Satin,M,,,Mammal 2,,,,,548
"  Multi-Animal Holding, Room 227",2,A0058955651,G Pig 22,Rodent,GUINEA PIG,,Brown,Hold - Doc,,,,,Small,,M,Tan,,Mammal 1,,,,,548
"  Multi-Animal Holding, Room 229",16,A0058955497,Guinea Pig 3,Rodent,GUINEA PIG,,White,Hold - Doc,,,,,Small,GUINEA PIG,F,Black,,Rabbitat 1,,,,,548
"  Multi-Animal Holding, Room 229",16,A0058955507,G Pig 5,Rodent,GUINEA PIG,,Black,Hold - Doc,,,,,Small,GUINEA PIG,F,White,,Rabbitat 2,,,,,548
"  Multi-Animal Holding, Room 229",16,A0058955559,G Pig 6,Rodent,GUINEA PIG,,White,Hold - Doc,,,,,Small,GUINEA PIG,F,Black,,Rabbitat 2,,,,,548
"  Multi-Animal Holding, Room 229",16,A0058955569,G Pig 8,Rodent,GUINEA PIG,,White,Hold - Doc,,,,,Small,GUINEA PIG,F,Grey,,Rabbitat 1,,,,,548
"  Multi-Animal Holding, Room 229",16,A0058955571,G Pig 9,Rodent,GUINEA PIG,,Black,Hold - Doc,,,,,Small,GUINEA PIG,F,Tan,,Rabbitat 1,,,,,548
"  Multi-Animal Holding, Room 229",16,A0058955576,G Pig 11,Rodent,GUINEA PIG,,Black,Hold - Doc,,,,,Small,GUINEA PIG,F,,,Rabbitat 2,,,,,548
"  Multi-Animal Holding, Room 229",16,A0058955616,G Pig 16,Rodent,GUINEA PIG,,Brown,Hold - Doc,,,,,Small,GUINEA PIG,F,Red,,Rabbitat 1,,,,,548
"  Multi-Animal Holding, Room 229",16,A0058955662,G Pig 24,Rodent,GUINEA PIG,,Brown,Hold - Doc,,,,,Small,GUINEA PIG,F,Tan,,Rabbitat 1,,,,,548
"  Multi-Animal Holding, Room 229",16,A0058955669,G Pig 25,Rodent,GUINEA PIG,,Brown,Hold - Doc,,,,,Small,GUINEA PIG,F,White,,Rabbitat 2,,,,,548
"  Multi-Animal Holding, Room 229",16,A0058955673,G Pig 26,Rodent,GUINEA PIG,,Brown,Hold - Doc,,,,,Small,GUINEA PIG,F,Tan,,Multi Animal Holding,,,,,548
"  Multi-Animal Holding, Room 229",16,A0058955676,AMELIA,Rodent,GUINEA PIG,,Red,Hold - Doc,,,#27,,Small,,F,White,,Multi Animal Holding,,,,,548
"  Multi-Animal Holding, Room 229",16,A0058955689,G Pig 29,Rodent,GUINEA PIG,,White,Hold - Doc,,,,,Small,,F,Brown,,Multi Animal Holding,,,,,548
"  Multi-Animal Holding, Room 229",16,A0058955704,G Pig 32,Rodent,GUINEA PIG,,White,Hold - Doc,,,,,Small,GUINEA PIG,F,Black,,Multi Animal Holding,,,,,548
"  Multi-Animal Holding, Room 229",16,A0058955712,G Pig 34,Rodent,GUINEA PIG,,White,Hold - Doc,,,,,Small,GUINEA PIG,F,Black,,Multi Animal Holding,,,,,548
"  Multi-Animal Holding, Room 229",16,A0058955716,G Pig 35,Rodent,GUINEA PIG,,White,Hold - Doc,,,,,Small,,M,Red,,Multi Animal Holding,,,,,548
"  Multi-Animal Holding, Room 229",16,A0058955731,G Pig 39,Rodent,GUINEA PIG,,Chocolate,Hold - Doc,,,,,Small,GUINEA PIG,F,White,,Multi Animal Holding,,,,,548
  Offsite Adoptions,25,A0056654089,Remy,Cat,Domestic Shorthair,11m 23d,Brown,Available,,,BOMBAS,120.00,Small,Mix,M,White,,Petco Amherst,,,,,548
  Offsite Adoptions,25,A0058596382,Mocha,Cat,Domestic Shorthair,3m 30d,Black,Available,,,,200.00,Small,Mix,F,,,Petsmart Clarence,,,,,548
  Offsite Adoptions,25,A0058596391,Latte,Cat,Domestic Shorthair,3m 30d,Black,Available,,,,200.00,Small,,F,,,Petsmart Clarence,,,,,548
  Offsite Adoptions,25,A0058762583,Maple,Cat,Domestic Shorthair,2m 18d,Brown,Available,,,Cream Cheese,,Small,Mix,F,,,Petsmart Orchard Pk,,,,,548
  Offsite Adoptions,25,A0058762584,Clove,Cat,Domestic Shorthair,2m 18d,Brown,Available,,,Jam,0.00,Small,Mix,F,,,Petsmart Orchard Pk,,,,,548
  Offsite Adoptions,25,A0058762585,Chai,Cat,Domestic Shorthair,2m 18d,Brown,Hold - Adopted!,,,,0.00,Small,Mix,M,,,Petsmart Orchard Pk,,,,,548
  Offsite Adoptions,25,A0058762586,Honey,Cat,Domestic Shorthair,2m 18d,Brown,Available,,,Soda,0.00,Small,,F,,,Petsmart Orchard Pk,,,,,548
  Offsite Adoptions,25,A0058823725,Pyro,Cat,Domestic Shorthair,2m 15d,Black,Hold - Adopted!,,,,200.00,Small,Mix,M,,,PetSuppliesPlus OP,,,,,548
  Offsite Adoptions,25,A0058823726,Sparkler,Cat,Domestic Shorthair,2m 15d,Black,Available,,,,200.00,Small,Mix,F,White,,PetSuppliesPlus OP,,,,,548
  Offsite Adoptions,25,A0058830395,Clementine,Cat,Domestic Shorthair,2m 9d,Orange,Hold - Adopted!,,,,200.00,Small,Mix,M,,,Petsmart Clarence,,,,,548
  Offsite Adoptions,25,A0058838635,Antonia,Cat,Domestic Shorthair,2y 1m 3d,White,Available,,,,120.00,Small,Mix,F,Black,,PetSuppliesPlus OP,,,,,548
  Offsite Adoptions,25,A0058840262,Venus,Cat,Domestic Shorthair,11m 3d,Black,Available,,,,120.00,Small,Mix,F,,,PetSuppliesPlus OP,,,,,548
  Offsite Adoptions,25,A0058905650,Harriett,Cat,Domestic Shorthair,10m 22d,Black,Available,,,HARRIETT,120.00,Small,Mix,F,,,PetSuppliesPlus OP,,,,,548
  Offsite Adoptions,25,A0058917943,Oscar,Cat,Domestic Shorthair,4y 21d,Black,Available,,,,120.00,Small,,M,White,,Petsmart Amherst,,,,,548
  Offsite Adoptions,25,A0058936284,Star,Cat,Domestic Shorthair,1y 19d,Black,Available,,,,120.00,Small,Mix,F,,,Petco Amherst,,,,,548
  Offsite Adoptions,25,A0058950190,Charlie,Cat,Domestic Shorthair,3y 16d,Orange,Available,,,,,Small,Mix,M,White,,Petsmart Clarence,,,,,548
  Offsite Adoptions,25,A0058956241,Opal,Cat,Domestic Shorthair,3m 15d,Black,Available,,,,,Small,Mix,F,,,Petsmart Clarence,,,,,548
  Offsite Adoptions,25,A0058956248,Nico,Cat,Domestic Shorthair,3m 15d,Black,Available,,,,,Small,Mix,M,White,,Petsmart Clarence,,,,,548
  Offsite Adoptions,25,A0058994372,Caicos,Cat,Domestic Shorthair,6m 9d,Black,Hold - Adopted!,,,,,Small,Mix,M,White,,Petsmart Amherst,,,,,548
  Offsite Adoptions,25,A0058994375,Cozumel,Cat,Domestic Shorthair,5y 9d,Black,Available,,,,,Medium,Mix,M,White,,Petsmart Amherst,,,,,548
  Offsite Adoptions,25,A0058994556,Mustique,Cat,Domestic Shorthair,6m 9d,Black,Hold - Adopted!,,,,,Small,Mix,F,White,,Petsmart Amherst,,,,,548
  Offsite Adoptions,25,A0058999785,Watermelon,Cat,Domestic Shorthair,3m 21d,Black,Available,,,,200.00,Small,Mix,F,White,,Petsmart Amherst,,,,,548
  Offsite Adoptions,25,A0058999796,Pineapple,Cat,Domestic Shorthair,3m 21d,Black,Available,,,,200.00,Small,Mix,F,White,,Petsmart Amherst,,,,,548
  Offsite Adoptions,25,A0059002720,Fred,Cat,Domestic Shorthair,2y 8d,Black,Available,,,,,Small,Mix,M,White,,Petsmart Clarence,,,,,548
  Offsite Adoptions,25,A0059004284,Gussy,Cat,Domestic Shorthair,3m 5d,Grey,Available,,,,200.00,Small,Mix,F,White,,Petsmart Orchard Pk,,,,,548
  Small Animals & Exotics,25,A0058917913,Hilda,Reptile/Amphibian,"Gecko, Leopard Spotted",,Yellow,Available,,,,30.00,Small,,F,Brown,,Reptiles 4,,,,,548
  Small Animals & Exotics,25,A0058917924,Humphrey,Reptile/Amphibian,"Gecko, Leopard Spotted",,Yellow,Available,,,,30.00,Small,,M,Brown,,Reptiles 1,,,,,548
  Small Animals & Exotics,25,A0058955553,G Pig 4,Rodent,GUINEA PIG,,Black,Hold - Doc,,,,,Small,,M,,,Mammal 3,,,,,548
  Small Animals & Exotics,25,A0058955573,G Pig 10,Rodent,GUINEA PIG,,White,Hold - Doc,,,,,Small,GUINEA PIG,F,Brown,,Mammal 2,,,,,548
  Small Animals & Exotics,25,A0058955603,G Pig 13,Rodent,GUINEA PIG,,Brown,Hold - Doc,,,,,Small,,M,Tan,,Mammal 3,,,,,548
  Small Animals & Exotics,25,A0058955608,G Pig 14,Rodent,GUINEA PIG,,Black,Hold - Doc,,,,,Small,,M,Tan,,Mammal 3,,,,,548
  Small Animals & Exotics,25,A0058955620,G Pig 17,Rodent,GUINEA PIG,,Brown,Hold - Doc,,,,,Small,,M,Tan,,Mammal 1,,,,,548
  Small Animals & Exotics,25,A0058955624,G Pig 18,Rodent,GUINEA PIG,,Brown,Hold - Doc,,,,,Small,GUINEA PIG,F,White,,Mammal 2,,,,,548
  Small Animals & Exotics,25,A0058955631,G Pig 19,Rodent,GUINEA PIG,,Red,Hold - Doc,,,,,Small,GUINEA PIG,F,Brown,,Mammal 2,,,,,548
  Small Animals & Exotics,25,A0058955639,G Pig 20,Rodent,GUINEA PIG,,Brown,Hold - Doc,,,,,Small,,M,White,,Mammal 1,,,,,548
  Small Animals & Exotics,25,A0058955646,G Pig 21,Rodent,GUINEA PIG,,Tan,Hold - Doc,,,,,Small,GUINEA PIG,F,Brown,,Mammal 2,,,,,548
  Small Animals & Exotics,25,A0058955657,G Pig 23,Rodent,GUINEA PIG,,Red,Hold - Doc,,,,,Small,GUINEA PIG,F,Black,,Mammal 4,,,,,548
  Small Animals & Exotics,25,A0058955683,G Pig 28,Rodent,GUINEA PIG,,Black,Hold - Doc,,,,,Small,GUINEA PIG,F,Tan,,Mammal 4,,,,,548
  Small Animals & Exotics,25,A0058955696,G Pig 30,Rodent,GUINEA PIG,,Red,Hold - Doc,,,,,Small,GUINEA PIG,F,White,,Mammal 4,,,,,548
  Small Animals & Exotics,25,A0058955721,G Pig 36,Rodent,GUINEA PIG,,Tan,Hold - Doc,,,,,Small,GUINEA PIG,F,White,,Mammal 4,,,,,548
  Small Animals & Exotics,25,A0058955735,G Pig 40,Rodent,GUINEA PIG,,Red,Hold - Doc,,,,,Small,GUINEA PIG,F,Chocolate,,Countertop Cage 1,,,,,548
  Small Animals & Exotics,25,A0058955743,G Pig 41,Rodent,GUINEA PIG,,Black,Hold - Doc,,,,,Small,GUINEA PIG,F,Red,,Countertop Cage 1,,,,,548
  Small Animals & Exotics,25,A0058955750,G Pig 43,Rodent,GUINEA PIG,,White,Hold - Doc,,,,,Small,GUINEA PIG,F,Chocolate,,Countertop Cage 1,,,,,548
  Small Animals & Exotics,25,A0058955758,G Pig 44,Rodent,GUINEA PIG,,Brown,Hold - Doc,,,,,Small,GUINEA PIG,F,Red,,Countertop Cage 1,,,,,548
  Small Animals & Exotics,25,A0058955803,Hamster 4,Rodent,HAMSTER,,Black,Hold - Doc,,,,,Small,HAMSTER,M,White,,Small Animal 4,,,,,548
  Small Animals & Exotics,25,A0058955810,Hamster 5,Rodent,HAMSTER,,Black,Hold - Doc,,,,,Small,HAMSTER,M,White,,Small Animal 5,,,,,548
  Small Animals & Exotics,25,A0058955824,Hamster 6,Rodent,HAMSTER,,Black,Hold - Doc,,,,,Small,HAMSTER,M,White,,Small Animal 7,,,,,548
  Small Animals & Exotics,25,A0058955858,Hamster 9,Rodent,HAMSTER,,Brown,Hold - Doc,,,,,Small,HAMSTER,M,White,,Small Animal 6,,,,,548
  Small Animals & Exotics,25,A0058955875,Hamster 13,Rodent,HAMSTER,,Black,Hold - Doc,,,,,Small,HAMSTER,M,White,,Small Animal 2,,,,,548
  Small Animals & Exotics,25,A0058955879,Hamster 14,Rodent,HAMSTER,,Black,Hold - Doc,,,,,Small,HAMSTER,M,White,,Small Animal 3,,,,,548
  Small Dog Recovery,2,A0059045442,Bruno,Dog,"Mixed Breed, Small (under 24 lbs fully grown)",3y 1d,Black,Hold - Doc,,,,,Small,Mix,M,,,01,,,,,548
  Small Dog Recovery,2,A0059053946,Connor,Dog,"Chihuahua, Long Coat",6y 0d,Orange,Hold - Doc,,,,,Small,Mix,M,White,,05,,,,,548

